"Resource Name","Category","Subcategory","Description","Who Can Access","Undocumented-Friendly","Cost","Access Type","Boroughs Served","Phone","Website","Address / Location","Hours","Languages","Warm-Handoff Partner","Tags","Last Verified","Notes"
"NYC 311","Multi-Service / Navigation","One call, any question","One number for anything the City does. They will listen to your situation and point you at the right place, in your language, at any hour.","Anyone in NYC","Yes","Free","Phone; Online; Text; App","Citywide (all 5 boroughs)","311 (or 212-639-9675)","https://portal.311.nyc.gov","Citywide","24/7","175+ languages via interpreter","Self-serve tool","start-here; referral; multilingual; 24-7; all-populations; interpreter; translation; in my language; language line","2026-08-25","Does not ask immigration status. Say the program name (e.g. 'ActionNYC')."
"ACCESS NYC","Multi-Service / Navigation","Check what you can get","A free online tool that checks what you can get from more than thirty programs. Food, health care, housing, cash, transport. It takes about ten minutes and does not ask who you are.","Anyone; low-income New Yorkers","Yes","Free","Online","Citywide (all 5 boroughs)","311","https://access.nyc.gov","Online","24/7 online","11 languages","Self-serve tool","start-here; benefits-screener; eligibility; anonymous; all-populations","2026-08-25","Screening is anonymous. Best first step for most benefit questions."
"findhelp (formerly Aunt Bertha)","Multi-Service / Navigation","Search for services yourself","A national directory you can search by postcode for free and low-cost help with food, housing, health and money.","Anyone","Yes","Free","Online","Citywide / National","","https://www.findhelp.org/find-social-services/new-york","Online","24/7 online","Multiple","Self-serve tool","start-here; referral; search-by-zip; all-populations","2026-08-25","Listed as a core curated source in Waypoint project context."
"211 New York","Multi-Service / Navigation","One call, any question","A free line, answered any hour, that will listen to what you need and tell you where in your area to get it.","Anyone","Yes","Free","Phone; Online","Citywide / Statewide","211 (or 1-800-899-1479)","https://www.211newyork.org/","Statewide","24/7","Multiple","Self-serve tool","start-here; referral; 24-7; all-populations","2026-08-25","Good backup when 311 or a specific program is unclear."
"IDNYC (Municipal ID)","Multi-Service / Navigation","Getting an ID card","A free official New York City photo ID for anyone 10 or over, whatever your immigration status. Banks take it, the library takes it, City offices take it, and it gets you into most museums free.","NYC residents age 10+","Yes","Free","In-person; Online (appointment)","Citywide (all 5 boroughs)","311","https://www.nyc.gov/site/idnyc/index.page","Enrollment centers in all boroughs","By appointment; some walk-in sites","Multiple","Self-serve tool","immigrants; ID; no-status-check; all-populations; no papers; no id; identification card","2026-08-25","Free. Not a REAL ID, so it cannot be used to fly. It is accepted as identification by City agencies, the police, many banks, and every public library."
"Mutual Aid NYC — Community Resources Library","Multi-Service / Navigation","One place that does many things","A list kept up by neighbors: mutual aid groups and free help across the city, often including things no agency runs.","Anyone","Yes","Free","Online","Citywide (all 5 boroughs)","","https://resources.mutualaid.nyc","Online","24/7 online","Multiple","Self-serve tool","mutual-aid; grassroots; referral; all-populations","2026-08-25","Useful for hyper-local help."
"NYC Care","Healthcare","A way in without insurance","Low-cost or no-cost care at the City's public hospitals for people who cannot get insurance or cannot afford it. Immigration status does not matter, and neither does what you earn.","Uninsured New Yorkers ineligible for/can't afford insurance","Yes","Free or low-cost (income-based)","Phone; In-person","Citywide (all 5 boroughs)","646-692-2273 (646-NYC-CARE)","https://www.nyccare.nyc","NYC Health + Hospitals sites citywide","Helpline Mon–Fri; care by appt","Multiple","Yes","start-here; uninsured; immigrants; primary-care; no-status-check; low-income; no papers and im sick; undocumented; no insurance; free clinic; clinic; doctor without insurance","2026-08-25","Regardless of immigration status or ability to pay. Counselors can enroll even without all documents."
"NYC Health + Hospitals (public hospital system)","Healthcare","The City's public hospitals","The City's own hospitals and clinics — eleven hospitals plus the Gotham Health centers. They treat everybody. If you have no insurance, they help with the bill, and the price depends on what you earn.","Anyone; uninsured welcome","Yes","Free to sliding scale (financial assistance)","In-person; Phone","Citywide (all 5 boroughs)","844-692-4692 (844-NYC-4NYC)","https://www.nychealthandhospitals.org/make-an-appointment/","Hospitals & clinics in all boroughs","ERs 24/7; clinics vary","Multiple","Yes","uninsured; immigrants; hospital; emergency; sliding-scale; low-income; bellevue; elmhurst; kings county; jacobi; lincoln; harlem hospital; coney island hospital; metropolitan hospital; queens hospital; woodhull; north central bronx; public hospital; vaccine; vaccination; shots; immunization; flu shot","2026-08-25","Treats all regardless of immigration status or ability to pay. Ask for a Financial Counselor."
"NYC H+H Gotham Health","Healthcare","Community health centers","The City's network of community health centers, in every borough. Family doctors, dentists and mental health care, and the price depends on what you earn.","Anyone; uninsured welcome","Yes","Sliding scale (income-based)","In-person; Phone","Citywide (all 5 boroughs)","844-692-4692","https://www.nychealthandhospitals.org/gotham-health/","Clinics in all 5 boroughs","Vary by site","Multiple","Yes","uninsured; immigrants; primary-care; dental; sliding-scale; low-income; vaccine; vaccination; shots; immunization; flu shot","2026-08-25","Part of NYC Care network."
"Ryan Health","Healthcare","Community health centers","Community health centers in Manhattan and Queens. Family doctors, dentists, mental health care and a low-cost pharmacy. The price depends on your income and family size.","Anyone; uninsured/underinsured welcome","Yes","Sliding scale","In-person; Phone","Manhattan (UWS, Chelsea-Clinton, LES, Washington Heights)","212-749-1820","https://ryanhealth.org","Multiple Manhattan sites","Vary by site","English; Spanish; more","Yes","uninsured; immigrants; primary-care; dental; pharmacy; sliding-scale","2026-08-25","'Health care is a right, not a privilege.' Call to find nearest site."
"Institute for Family Health","Healthcare","Community health centers","Community health centers in Manhattan and the Bronx. Family doctors, dentists and mental health care, and a free clinic for people with no insurance.","Anyone; uninsured welcome","Yes","Sliding scale; free clinic for uninsured","In-person; Phone","Manhattan (Harlem/Union Sq); Bronx; Brooklyn","844-434-2778","https://institute.org","Multiple sites","Vary by site","English; Spanish; more","Yes","uninsured; immigrants; primary-care; dental; mental-health; sliding-scale","2026-08-25",""
"Callen-Lorde Community Health Center","Healthcare","Health center for LGBTQ+ New Yorkers","Primary care built for LGBTQ+ communities: HIV and other sexually transmitted infections care, transgender health care and hormones, mental health, dental; regardless of ability to pay.","LGBTQ+ New Yorkers; youth 13–24 (HOTT)","Yes","Free to sliding scale","In-person; Phone","Manhattan (Chelsea); Brooklyn; Bronx","212-271-7200","https://callen-lorde.org","356 W 18th St, Manhattan (+ Brooklyn & Bronx)","Vary by site","Multiple","Yes","LGBTQ; youth; HIV; trans-health; mental-health; uninsured; sliding-scale","2026-08-25","HOTT program serves youth 13–24."
"Community Healthcare Network","Healthcare","Community health centers","Community health centers in all five boroughs. Family doctors, dentists, mental health care and reproductive health, and the price depends on what you earn.","Anyone; uninsured welcome","Yes","Sliding scale","In-person; Phone","Citywide (all 5 boroughs)","866-246-8259","https://www.chnnyc.org","Clinics in all boroughs","Vary by site","Multiple","Yes","uninsured; immigrants; primary-care; dental; reproductive; sliding-scale","2026-08-25",""
"Charles B. Wang Community Health Center","Healthcare","Community health center — Asian communities","A community health center for Asian American New Yorkers, in Chinatown and Flushing. Family doctors, children's care, dentists and mental health care, and the price depends on what you earn.","Anyone; Asian-language speakers","Yes","Sliding scale","In-person; Phone","Manhattan (Chinatown); Queens (Flushing)","212-226-3888 (Manhattan) / 718-587-1111 (Queens)","https://www.cbwchc.org","Chinatown & Flushing","Vary by site","English; Chinese (Mandarin/Cantonese)","Yes","uninsured; immigrants; primary-care; language-Chinese; sliding-scale","2026-08-25",""
"Urban Health Plan","Healthcare","Community health centers","Community health centers in the South Bronx and Queens. Family doctors, dentists and mental health care, and the price depends on what you earn.","Anyone; uninsured welcome","Yes","Sliding scale","In-person; Phone","Bronx; Queens","718-589-2440 (appointments 718-589-4755)","https://www.urbanhealthplan.org","Bronx & Queens sites","Vary by site","English; Spanish; more","Yes","uninsured; immigrants; primary-care; dental; sliding-scale","2026-08-25",""
"The Floating Hospital","Healthcare","Care if you have nowhere to live","Medical, dental and mental health care for families living in shelters and for other New Yorkers with nowhere else to go. Nobody is turned away.","Homeless & vulnerable families","Yes","Free / no one turned away","In-person; Phone","Queens (Long Island City) + mobile","718-784-2240","https://www.thefloatinghospital.org","Long Island City, Queens","Mon–Fri (call)","Multiple","Yes","homeless; families; uninsured; primary-care; dental","2026-08-25",""
"NYC Sexual Health Clinics (DOHMH)","Healthcare","Sexual health","City-run clinics offering free or low-cost testing and treatment for HIV and other sexually transmitted infections, PrEP and PEP, the medicines that prevent HIV, and reproductive health, regardless of status.","Anyone 12+","Yes","Free or low-cost","In-person; Phone","Citywide (8 clinics)","347-396-7959","https://www.nyc.gov/site/doh/services/sexual-health-clinics.page","Clinics in multiple boroughs","Vary by clinic","Multiple","Yes","sexual-health; HIV; STI; PrEP; confidential; youth; no-status-check; vaccine; vaccination; hpv; shots","2026-08-25","Confidential; minors can be seen without parent for sexual health."
"Planned Parenthood of Greater New York","Healthcare","Reproductive/sexual health","Reproductive and sexual health care: birth control, STI testing, gender-affirming care, cancer screening. The price depends on what you earn.","Anyone","Yes","Sliding scale; many free services","In-person; Phone; Online","Manhattan; Bronx; Brooklyn; Queens; Staten Island","212-965-7000","https://www.plannedparenthood.org/health-center/new-york","Health centers in all boroughs","Vary by site","Multiple","Yes","reproductive; sexual-health; women; LGBTQ; trans-health; sliding-scale; abortion; birth control; pregnancy test","2026-08-24","ppgny.org was allowed to lapse and now redirects to an unrelated commercial site. Use the national Planned Parenthood health-center finder, or call. Verified 2026-08-24."
"HRSA Find a Health Center","Healthcare","Find a clinic near you","Federal tool to locate the nearest community health center offering family doctors at a price based on what you earn.","Anyone","Yes","Free tool (clinics sliding scale)","Online","National","","https://findahealthcenter.hrsa.gov","Online","24/7 online","Multiple","Self-serve tool","clinic-finder; uninsured; sliding-scale; primary-care","2026-08-25",""
"NeedyMeds","Healthcare","Help with medicine, and finding a clinic","Directory of patient-assistance programs, free or low-cost clinics and a free drug discount card to lower medication costs.","Anyone (insured or not)","Yes","Free service; discount card free","Online; Phone","National","800-503-6897","https://www.needymeds.org","Online","Helpline Mon–Fri","English; Spanish","Self-serve tool","prescriptions; medication-cost; discount-card; uninsured","2026-08-25","Listed as a core curated source in Waypoint project context."
"RxAssist","Healthcare","Help paying for medicine","Comprehensive directory of pharmaceutical patient-assistance programs for free or low-cost brand-name medications.","Uninsured/underinsured patients","Yes","Free service","Online","National","","https://www.rxassist.org","Online","24/7 online","English","Self-serve tool","prescriptions; medication-cost; patient-assistance; uninsured","2026-08-25","Listed as a core curated source in Waypoint project context."
"NYU College of Dentistry Clinics","Healthcare","Low-cost dental","Supervised student dental clinics providing reduced-cost cleanings, fillings, dentures and more.","Anyone","Yes","Low-cost","In-person; Phone","Manhattan","212-998-9800","https://dental.nyu.edu/patientcare.html","345 E 24th St, Manhattan","By appointment","Multiple","Yes","dental; low-cost; student-clinic","2026-08-25","Lower cost because care is by supervised students; appointments take longer."
"Columbia University College of Dental Medicine","Healthcare","Low-cost dental","Supervised student and faculty dental clinics offering reduced-cost dental care.","Anyone","Yes","Low-cost","In-person; Phone","Manhattan (Washington Heights)","212-305-2862","https://www.dental.columbia.edu/patient-care","630 W 168th St, Manhattan","By appointment","Multiple","Yes","dental; low-cost; student-clinic","2026-08-25",""
"NYC 988 (formerly NYC Well)","Mental Health & Substance Use","Crisis line and counseling","Free and private support for your mental health or your drinking or drug use, by phone, text or chat, at any hour. It is also how you reach a mobile crisis team.","Anyone in NYC","Yes","Free","Phone; Text; Chat","Citywide (all 5 boroughs)","988 (call or text)","https://nyc988.cityofnewyork.us","Remote","24/7/365","200+ languages by phone","Yes","start-here; crisis; mental-health; substance-use; 24-7; multilingual; no-status-check; all-populations","2026-08-25","Does not ask immigration status. Insurance not required."
"988 Suicide & Crisis Lifeline","Mental Health & Substance Use","Crisis line (national)","National 24/7 lifeline for suicidal crisis or emotional distress, with specialized options for veterans, Spanish speakers and LGBTQI+ youth.","Anyone","Yes","Free","Phone; Text; Chat","National","988","https://988lifeline.org","Remote","24/7/365","English; Spanish; more","Yes","crisis; suicide; mental-health; 24-7; veterans; LGBTQ; all-populations","2026-08-25","Press 1 for Veterans line; press 3 for LGBTQI+ youth."
"Crisis Text Line","Mental Health & Substance Use","Text crisis support","Free 24/7 emotional-support and crisis counseling entirely by text message.","Anyone","Yes","Free","Text","National","Text HOME to 741741","https://www.crisistextline.org","Remote","24/7","English; Spanish","Yes","crisis; text; mental-health; 24-7; youth; all-populations","2026-08-25","Good for people who can't speak on the phone."
"NAMI-NYC Helpline","Mental Health & Substance Use","Ongoing mental health support","Free helpline plus support groups and education for people living with mental illness and their families.","Individuals & families affected by mental illness","Yes","Free","Phone; Email; In-person groups","Citywide (all 5 boroughs)","212-684-3264","https://www.naminycmetro.org","Manhattan + virtual","Helpline Mon–Fri","English; Spanish","Yes","mental-health; support-groups; families; navigation; therapy; therapist","2026-08-25",""
"Samaritans NYC 24-Hour Crisis Hotline","Mental Health & Substance Use","Crisis line","Free, confidential, non-religious 24/7 suicide-prevention and emotional-support hotline.","Anyone","Yes","Free","Phone","Citywide / National","212-673-3000","https://samaritansnyc.org","Remote","24/7","English","Yes","crisis; suicide; mental-health; 24-7; all-populations","2026-08-25",""
"NY OASAS HOPEline","Mental Health & Substance Use","Addiction help","Free, confidential 24/7 line for alcohol, drug and gambling help, including treatment referrals. You can text it instead of calling.","People affected by addiction & their families","Yes","Free","Phone; Text","Statewide","877-846-7369 (877-8-HOPENY) / text 467369","https://oasas.ny.gov","Remote","24/7","Multiple","Yes","substance-use; addiction; gambling; 24-7; treatment-referral","2026-08-25",""
"SAMHSA National Helpline","Mental Health & Substance Use","Finding treatment","Free, confidential 24/7 line that finds you treatment and answers questions for mental-health and substance-use disorders.","Anyone","Yes","Free","Phone; Text","National","800-662-4357 (800-662-HELP)","https://www.samhsa.gov/find-help/helplines/national-helpline","Remote","24/7","English; Spanish","Yes","substance-use; mental-health; treatment-referral; 24-7","2026-08-25",""
"OASAS Free Naloxone / Harm Reduction","Mental Health & Substance Use","Overdose prevention","Free naloxone — the nasal spray that reverses an overdose — plus test strips for fentanyl and xylazine, and someone to show you how to use them.","Anyone at risk / who uses drugs / bystanders","Yes","Free","In-person; Online","Statewide / Citywide","877-846-7369","https://oasas.ny.gov/harm-reduction","Syringe-service & community sites","Vary","Multiple","Yes","harm-reduction; naloxone; overdose; substance-use; free-supplies","2026-08-25","Naloxone and test strips are free and available directly to the public."
"The Trevor Project","Mental Health & Substance Use","LGBTQ youth crisis","Free 24/7 crisis support for LGBTQ young people by phone, text or chat.","LGBTQ youth (under 25)","Yes","Free","Phone; Text; Chat","National","866-488-7386 / text START to 678-678","https://www.thetrevorproject.org","Remote","24/7","English; Spanish","Yes","LGBTQ; youth; crisis; suicide; 24-7","2026-08-25",""
"Trans Lifeline","Mental Health & Substance Use","Trans peer support","Peer-support crisis hotline run by and for transgender people.","Transgender & questioning people","Yes","Free","Phone","National","877-565-8860","https://translifeline.org","Remote","Daily (see site for hours)","English; Spanish","Yes","LGBTQ; trans; peer-support; crisis","2026-08-25",""
"Veterans Crisis Line","Mental Health & Substance Use","Veterans crisis","Free confidential 24/7 crisis support for veterans, service members and their families.","Veterans, service members, families","N/A","Free","Phone; Text; Chat","National","988 then press 1 / text 838255","https://www.veteranscrisisline.net","Remote","24/7","English; Spanish","Yes","veterans; crisis; mental-health; 24-7","2026-08-25",""
"Food Help NYC (official finder)","Food & Nutrition","Free food locator","The City's own map of free food near you — pantries, soup kitchens, and the places that hand food out on the street.","Anyone in need","Yes","Free","Online","Citywide (all 5 boroughs)","311","https://finder.nyc.gov/foodhelp/locations","Online","24/7 online","Multiple","Self-serve tool","start-here; food; pantry; soup-kitchen; finder; no-questions; all-populations","2026-08-25","Free food is available to all in need; typically no ID or status required."
"Plentiful","Food & Nutrition","Pantry reservations","Free app, or a text message, to find food pantries and reserve a time slot to avoid long lines.","Anyone in need","Yes","Free","App; Text; Online","Citywide (all 5 boroughs)","Text FOOD to 726879","https://www.plentiful.org","Online","24/7 online","Multiple","Self-serve tool","food; pantry; reservations; no-questions; all-populations","2026-08-24","Built with City Harvest, United Way NYC and the NYC Food Assistance Collaborative."
"Food Bank For New York City","Food & Nutrition","Food network, and help with food stamps","Coordinates around 800 NYC food pantries and community kitchens and offers free SNAP enrollment help and free tax prep.","Anyone in need","Yes","Free","Online; Phone; In-person","Citywide (all 5 boroughs)","","https://www.foodbanknyc.org/find-food/","Citywide network","Vary by site","Multiple","Yes","food; pantry; soup-kitchen; SNAP-help; tax-prep; all-populations","2026-08-25",""
"City Harvest Food Map","Food & Nutrition","Free food locator","Map of soup kitchens, food pantries, community fridges and mobile markets currently distributing food.","Anyone in need","Yes","Free","Online","Citywide (all 5 boroughs)","","https://www.cityharvest.org/food-map/","Online","24/7 online","Multiple","Self-serve tool","food; pantry; mobile-market; community-fridge; finder; all-populations","2026-08-25",""
"Holy Apostles Soup Kitchen","Food & Nutrition","Soup kitchen","One of the largest soup kitchens in the U.S.; hot meals served with no questions asked, plus counseling and services.","Anyone hungry","Yes","Free","In-person","Manhattan (Chelsea)","212-924-0167","https://holyapostlesnyc.org/","296 9th Ave, Manhattan","Weekday lunch (see site)","Multiple","No","food; soup-kitchen; hot-meals; no-questions; homeless; all-populations","2026-08-25","No ID or status required."
"St. John's Bread & Life","Food & Nutrition","Pantry & meals","Large digital-choice food pantry and hot-meal program plus benefits and legal help.","Anyone in need","Yes","Free","In-person; Phone","Brooklyn; Queens (mobile)","718-574-0058","https://www.breadandlife.org","795 Lexington Ave, Brooklyn","Weekdays (see site)","Multiple","Yes","food; pantry; hot-meals; benefits-help; all-populations","2026-08-25",""
"New York Common Pantry","Food & Nutrition","Pantry & meals","Choice food pantry, hot meals, senior food program, and help enrolling in SNAP and other benefits.","Anyone in need; seniors","Yes","Free","In-person; Phone","Manhattan (East Harlem); Bronx; mobile","917-720-9700","https://nycommonpantry.org","8 E 109th St, Manhattan","Vary (see site)","English; Spanish","Yes","food; pantry; hot-meals; seniors; SNAP-help; all-populations","2026-08-25",""
"West Side Campaign Against Hunger","Food & Nutrition","A pantry where you choose your own food","Supermarket-style customer-choice food pantry plus mobile markets and social-services support.","Anyone in need","Yes","Free","In-person; Phone","Manhattan + mobile","212-362-3662","https://www.wscah.org","263 W 86th St, Manhattan (lower level)","Vary (see site)","English; Spanish","Yes","food; pantry; choice-pantry; mobile-market; all-populations","2026-08-25",""
"Masbia Soup Kitchen Network","Food & Nutrition","Soup kitchen & pantry","Restaurant-style kosher hot meals and food-pantry packages across Brooklyn and Queens.","Anyone in need","Yes","Free","In-person; Phone","Brooklyn; Queens","718-972-4446","https://www.masbia.org","Boro Park, Flatbush (Brooklyn) & Forest Hills (Queens)","Vary (see site)","English; Yiddish; Russian; more","No","food; soup-kitchen; pantry; kosher; all-populations","2026-06-30",""
"The Bowery Mission","Food & Nutrition","Meals, and more besides","Hot meals, shelter, showers, clothing and recovery programs for people experiencing homelessness.","People who are homeless / in need","Yes","Free","In-person; Phone","Manhattan; Bronx; Brooklyn","212-674-3456","https://www.bowery.org","227 Bowery, Manhattan","Meals daily (see site)","English; Spanish","No","food; hot-meals; homeless; shelter; clothing","2026-08-25",""
"God's Love We Deliver","Food & Nutrition","Meals cooked for an illness","Free medically tailored, home-delivered meals and nutrition counseling for people too sick to shop or cook.","People with serious/chronic illness (any age)","Yes","Free","Phone; Online referral","Citywide (all 5 boroughs)","212-294-8100","https://www.glwd.org","Delivered citywide","Mon–Fri office","Multiple","Yes","food; home-delivered; illness; disability; nutrition; no-cost","2026-08-25","No income or status requirement; based on medical need."
"SNAP (Food Stamps)","Food & Nutrition","Money for groceries","Money for groceries every month, on a card you use like a bank card. Apply online through ACCESS HRA, by phone, or in person.","Low-income households","Varies","Free to apply","Online; Phone; In-person","Citywide (all 5 boroughs)","718-557-1399","https://access.nyc.gov/programs/supplemental-nutrition-assistance-program-snap/","HRA Benefits Access Centers","Mon–Fri","Multiple","Yes","food; SNAP; benefits; low-income; EBT","2026-08-25","The old HRA page for this now says it is outdated, which it does with a 200 -- a link checker cannot see it. ACCESS NYC is the City's own live page and carries the same number."
"WIC (Women, Infants & Children)","Food & Nutrition","Food for pregnancy and small children","Free nutritious foods, breastfeeding support and nutrition counseling for people who are pregnant or have just given birth and children under 5.","Pregnant/postpartum people; kids under 5; income-eligible","Yes","Free","Phone; In-person","Citywide (all 5 boroughs)","800-522-5006 (Growing Up Healthy Hotline)","https://www.health.ny.gov/prevention/nutrition/wic/","WIC offices citywide","Vary by office","Multiple","Yes","food; WIC; women; infants; children; nutrition; no-status-requirement; formula; baby formula; infant formula; breastfeeding","2026-08-25","No immigration requirement to receive WIC."
"GetFoodNYC / Community Food Connection","Food & Nutrition","Food in an emergency","The City's food program: pantries and community kitchens across the five boroughs, and a map of where they are.","Anyone in need","Yes","Free","Online; Phone","Citywide (all 5 boroughs)","311","https://access.nyc.gov/programs/emergency-food-assistance/","Citywide","Vary","Multiple","Self-serve tool","food; emergency; pantry; all-populations","2026-08-25",""
"NYC DHS Shelter Intake (right to shelter)","Housing & Shelter","Emergency shelter","NYC provides emergency shelter to those with nowhere to stay; where you go depends on who is with you. Start with 311.","People experiencing homelessness","Yes","Free","In-person; Phone","Citywide (all 5 boroughs)","311","https://www.nyc.gov/site/dhs/index.page","Intake sites by population (see below)","24/7 intake","Multiple","Yes","housing; shelter; emergency; homeless; no-status-check","2026-08-25","Right to shelter applies regardless of immigration status. Intake locations change — confirm current site via 311."
"PATH — Families with Children Intake","Housing & Shelter","Family shelter intake","Where families with children and pregnant people apply for shelter, open 24/7.","Families with children; pregnant people","Yes","Free","In-person","Bronx (serves citywide)","718-503-6400","https://www.nyc.gov/site/dhs/shelter/families/families-with-children-applying.page","151 E 151st St, Bronx","24/7","Multiple","Yes","housing; shelter; families; children; emergency; homeless","2026-08-25",""
"Adult Shelter Intake (single adults & adult families)","Housing & Shelter","Adult shelter intake","Where single adults and adult families go to ask for a bed. Intake sites move, so call 311 first and ask where to go tonight.","Single adults; adult families","Yes","Free","In-person; Phone","Manhattan / Bronx / Brooklyn (varies)","311","https://www.nyc.gov/site/dhs/shelter/singleadults/single-adults.page","Confirm current intake via 311","24/7","Multiple","Yes","housing; shelter; adults; emergency; homeless","2026-08-25","Sites for men and for adult families have moved more than once. Confirm the address with 311 before you set out, and before you send anybody."
"Homebase (Homelessness Prevention)","Housing & Shelter","Eviction prevention","Free neighborhood offices that help people at risk of homelessness stay housed — help with rent you have fallen behind on, someone to talk to your landlord, and benefits.","People at risk of eviction/homelessness","Yes","Free","In-person; Phone","Citywide (all 5 boroughs)","311","https://www.nyc.gov/site/hra/help/homebase.page","Community offices in all boroughs","Mon–Fri","Multiple","Yes","housing; eviction-prevention; homeless-prevention; rent-arrears; all-populations","2026-08-25","Find your local Homebase office via 311 or the website."
"Coalition for the Homeless — Crisis Intervention","Housing & Shelter","Homeless services","Direct help for homeless and at-risk New Yorkers: crisis assistance, eviction prevention, food, and navigation.","Homeless & at-risk New Yorkers","Yes","Free","Phone; In-person","Citywide (all 5 boroughs)","212-776-2000","https://www.coalitionforthehomeless.org","129 Fulton St, Manhattan","Mon–Fri","English; Spanish","Yes","housing; homeless; crisis; eviction-prevention; food; sleeping on the train; sleeping outside","2026-08-25",""
"Breaking Ground Street Outreach","Housing & Shelter","Street homeless outreach","24/7 outreach to people living on the street, connecting them to safe havens, shelter and housing.","People sleeping on the street (or to report someone)","Yes","Free","Phone","Citywide (all 5 boroughs)","311","https://www.breakingground.org","Citywide outreach","24/7","Multiple","Yes","housing; street-homeless; outreach; 24-7; sleeping on the train; sleeping on the subway; sleeping outside","2026-08-25","To get outreach to somebody sleeping on the street, call 311 and ask for mobile outreach. Breaking Ground or a partner team is sent, usually within a couple of hours. They cover Brooklyn, Queens and much of Midtown under contract with the City."
"HRA Emergency Assistance / One Shot Deal","Housing & Shelter","One-time cash for housing","One-time emergency grant to prevent an eviction or a shut-off or cover an emergency (rent you owe, a utility bill, things you lost).","People facing an emergency who can't pay","Varies","Free to apply","Online; Phone; In-person","Citywide (all 5 boroughs)","718-557-1399 (interview 929-273-1872)","https://access.nyc.gov/programs/one-shot-deal/","HRA Benefit Access Centers","Mon–Fri","Multiple","Yes","housing; emergency-cash; rent-arrears; utilities; eviction-prevention; help paying rent; cant pay my rent; behind on rent; back rent; rent i owe; behind on rent; owe my landlord; dss; hra; department of social services","2026-08-25","An interview is required. May need to be repaid unless on SSI."
"NYC Housing Connect (affordable housing lottery)","Housing & Shelter","Affordable housing","City portal to apply for affordable rental and homeownership housing lotteries.","Income-eligible New Yorkers","Varies","Free to apply","Online","Citywide (all 5 boroughs)","311","https://www.nyc.gov/site/hpd/services-and-information/nyc-housing-connect.page","Online","24/7 online","Multiple","Self-serve tool","housing; affordable-housing; lottery; low-income","2026-08-25",""
"MOIA Immigration Legal Support Hotline (ActionNYC)","Legal & Immigration","Immigration legal help","Free, safe and private immigration legal advice in your language, from real lawyers the City works with. Not a notario.","Immigrants (any status)","Yes","Free","Phone; In-person","Citywide (all 5 boroughs)","800-354-0365","https://www.nyc.gov/site/immigrants/legal-resources/moia-immigration-legal-support-hotline.page","Sites at libraries & CBOs citywide","Mon–Fri 9am–6pm","Your preferred language","Yes","immigration; legal; immigrants; confidential; multilingual; no-status-check","2026-08-25","Or call 311 and say ""Immigration Legal"". The old ActionNYC page on nyc.gov now says it is outdated, which it does with a 200 -- so a link checker cannot see it. Still the same program and the same number."
"Catholic Charities Community Services (Immigration)","Legal & Immigration","Immigration legal help","Free immigration lawyers across the city, and a help line for almost anything else. Serves everybody, whatever their religion.","Immigrants; anyone in need","Yes","Free","Phone; In-person","Citywide (all 5 boroughs)","888-744-7900 (help line) / 347-921-0631 (legal clinics)","https://cccsny.org/services/immigration-legal-services","Manhattan HQ + sites","Mon–Fri","Multiple","Yes","immigration; legal; immigrants; social-services; multilingual","2026-08-25",""
"New York Legal Assistance Group (NYLAG)","Legal & Immigration","Free civil legal help","Free lawyers for immigration, benefits, housing, domestic violence, debt and health problems. One of the largest free legal organizations in the city.","Low-income New Yorkers","Yes","Free","Phone; In-person; Online","Citywide (all 5 boroughs)","212-613-5000","https://nylag.org","Manhattan + sites/hotlines","Mon–Fri","Multiple","Yes","legal; immigration; benefits; housing; DV; consumer; low-income","2026-08-25",""
"Chinese-American Planning Council (CPC)","Legal & Immigration","Immigrant services","Free immigration and housing lawyers, help becoming a citizen, and help signing up for benefits. Also classes, childcare and services for older adults, in Chinese.","Immigrants; Asian communities; anyone","Yes","Free","In-person; Phone","Manhattan; Queens; Brooklyn","212-941-0920","https://www.cpc-nyc.org","Community centers in 3 boroughs","Mon–Fri","English; Chinese; more","Yes","immigration; legal; benefits; immigrants; language-Chinese; families","2026-08-25","Named growth partner in Waypoint project context."
"Northern Manhattan Improvement Corp (NMIC)","Legal & Immigration","Lawyers, and everything around a case","Free lawyers in Northern Manhattan for immigration, housing, benefits and domestic violence, in Spanish and English. Also benefits screening and adult classes.","Low-income New Yorkers; immigrants","Yes","Free","Phone; In-person","Manhattan (Washington Heights); Bronx","212-822-8300","https://www.nmic.org","Washington Heights","Mon–Fri 9am–5pm","English; Spanish","Yes","legal; immigration; housing; benefits; immigrants; language-Spanish","2026-08-25",""
"The Legal Aid Society","Legal & Immigration","Free lawyers for almost anything","Free lawyers for New Yorkers with low incomes, in housing, immigration, benefits, family and criminal matters. The oldest and largest of its kind in the country.","Low-income New Yorkers","Yes","Free","Phone; In-person","Citywide (all 5 boroughs)","212-577-3300","https://legalaidnyc.org","Offices in every borough","Mon–Fri","Multiple","Yes","legal; housing; immigration; benefits; family; criminal; low-income","2026-08-25","Borough lines: MN 212-426-3000; BK 718-722-3100; BX 718-991-4600; QN 718-286-2450; SI 347-422-5333."
"Legal Services NYC","Legal & Immigration","Free civil legal help","Free civil legal help — housing and eviction, benefits, immigration, consumer, family — through an all-language access line.","Low-income New Yorkers","Yes","Free","Phone; In-person","Citywide (all 5 boroughs)","917-661-4500","https://www.legalservicesnyc.org","Offices in all boroughs","Mon–Fri 9:30am–4pm","Any language via access line","Yes","legal; housing; eviction; benefits; immigration; low-income","2026-08-25",""
"Right to Counsel — Free Eviction Defense","Legal & Immigration","Tenant/eviction legal help","A free lawyer in Housing Court if you are facing eviction. New York City gives tenants this by law, in every borough. Ask for it by name.","Income-eligible tenants facing eviction","Yes","Free","In-person; Phone","Citywide (all 5 boroughs)","311 (ask for Tenant Helpline)","https://www.righttocounselnyc.org","Help centers in each borough's housing court","Court hours Mon–Fri","Multiple","Yes","legal; tenant; eviction; housing; no-status-check; low-income","2026-08-25",""
"Housing Court Answers","Legal & Immigration","Tenant helpline","Phone advice for tenants going through Housing Court without a lawyer. They will explain what a paper means and what happens next.","Tenants; occupants","Yes","Free","Phone","Citywide (all 5 boroughs)","212-962-4795 / 718-557-1379","https://housingcourtanswers.org","Remote","Mon–Fri 9am–5pm","English; Spanish","Yes","legal; tenant; eviction; housing; helpline","2026-08-25",""
"Met Council on Housing Tenant Hotline","Legal & Immigration","Tenant rights hotline","Volunteer-run hotline giving tenants advice on rent, repairs, harassment and eviction.","Tenants","Yes","Free","Phone","Citywide (all 5 boroughs)","212-979-0611","https://www.metcouncilonhousing.org","Remote","See site for hotline hours","English; Spanish","Yes","legal; tenant; housing; rights; hotline","2026-08-25",""
"City Bar Justice Center Legal Hotline","Legal & Immigration","Free legal hotline","A free phone line where a lawyer will listen to a civil problem and tell you where you stand, and where to go next.","Low-income NYC residents","Yes","Free","Phone","Citywide (all 5 boroughs)","212-626-7383","https://www.citybarjusticecenter.org/legal-hotline/","Remote","Mon–Thu 10am–12pm & 2–4pm; Fri 9am–12pm","Multiple","Yes","legal; hotline; civil; low-income","2026-08-25",""
"LawHelpNY","Legal & Immigration","Find a free lawyer","A directory of more than six hundred free legal organizations in New York, plus thousands of plain-language guides to your rights.","Anyone who can't afford a lawyer","Yes","Free","Online","Statewide","","https://www.lawhelpny.org","Online","24/7 online","Multiple","Self-serve tool","legal; directory; know-your-rights; self-help","2026-08-25",""
"Immigrant Defense Project Hotline","Legal & Immigration","If somebody has been detained","The line to call when immigration and a criminal case have collided: an arrest, a detention, ICE at the door. Leave a message or fill in their form and somebody gets back to you within two working days.","Immigrants facing ICE/removal","Yes","Free","Phone; Online","Statewide / Citywide","646-760-0599","https://www.immigrantdefenseproject.org/hotline/","Remote","Leave a message any time; they reply within 2 working days","English; Spanish","Yes","immigration; deportation; ICE; know-your-rights; immigrants","2026-08-25","Not an emergency line -- if somebody has just been detained, call the ActionNYC hotline as well. Number taken from their own hotline page; the 212 number this directory used to print is not on their site anywhere."
"NYS Office for New Americans (ONA) Hotline","Legal & Immigration","Immigrant helpline","A free statewide line that connects immigrants to lawyers, English classes and services — and that will tell you whether somebody is trying to defraud you.","Immigrants (any status)","Yes","Free","Phone","Statewide","800-566-7636","https://dos.ny.gov/office-new-americans","Remote / ONA Opportunity Centers","Mon–Fri 8am–8pm; Sat–Sun 9am–5pm","200+ languages","Yes","immigration; immigrants; ESOL; anti-fraud; multilingual","2026-08-25",""
"Cash Assistance (Public Assistance / TANF)","Benefits & Financial Assistance","Monthly cash","Money every month from the City for people who do not have enough coming in. Apply online through ACCESS HRA, by phone, or at a benefits center.","Low-income individuals & families","Varies","Free to apply","Online; Phone; In-person","Citywide (all 5 boroughs)","718-557-1399","https://www.nyc.gov/site/hra/help/cash-assistance.page","HRA Benefit Access Centers","Mon–Fri","Multiple","Yes","benefits; cash-assistance; TANF; low-income; families; welfare; dss; hra; the welfare office","2026-08-25","Immigration status affects eligibility; many immigrants and mixed-status households still qualify."
"HEAP (Home Energy Assistance Program)","Benefits & Financial Assistance","Utility/heating help","Seasonal help paying heating and cooling bills and emergencies; also equipment repairing or replacing a boiler.","Low-income renters & homeowners","Varies","Free benefit","Online; Phone; In-person","Citywide (all 5 boroughs)","718-557-1399","https://access.nyc.gov/programs/home-energy-assistance-program-heap/","HRA offices","Seasonal — Mon–Fri","Multiple","Yes","benefits; utilities; heating; cooling; low-income; seniors","2026-08-25","Regular and emergency benefits are seasonal; the 2025–26 season closed spring 2026. Check reopening dates."
"NYC Free Tax Prep","Benefits & Financial Assistance","Free tax filing","Free help filing your taxes, in person, online or by phone, at more than a hundred and forty places across the city. They make sure you claim the money you are owed.","Households under income limits","Yes","Free","In-person; Online","Citywide (all 5 boroughs)","311","https://www.nyc.gov/site/dca/consumers/file-your-taxes.page","Sites citywide","Peak Jan–Apr","Multiple","Yes","benefits; taxes; EITC; ITIN; low-income; immigrants","2026-08-25","ITIN filers welcome; can help immigrants without an SSN file."
"NYC Financial Empowerment Centers","Benefits & Financial Assistance","Free financial counseling","Free one-on-one financial counseling — budgeting, debt, credit, banking — in multiple languages.","Anyone","Yes","Free","In-person; Phone","Citywide (all 5 boroughs)","311","https://www.nyc.gov/site/dca/consumers/get-free-financial-counseling.page","Sites citywide","By appointment","Multiple","Yes","financial-counseling; debt; credit; banking; all-populations","2026-08-25","Open regardless of immigration status."
"NY State of Health (Insurance Marketplace)","Benefits & Financial Assistance","Signing up for health insurance","New York's official place to sign up for health insurance — Medicaid, Child Health Plus, the Essential Plan and private plans. Free trained assistors will sit down and do it with you.","New Yorkers seeking coverage","Varies","Free help; coverage low/no cost","Phone; Online; In-person","Statewide / Citywide","855-355-5777","https://nystateofhealth.ny.gov","Navigators statewide","Mon–Fri","Multiple","Yes","health-insurance; enrollment; navigator; Medicaid; Essential-Plan","2026-08-25","Enrollment is a certified activity — hand the person to a trained assistor; volunteers cannot enroll anyone themselves."
"Community Service Society Navigator","Benefits & Financial Assistance","Health insurance help","Free help understanding and enrolling in health coverage and resolving problems with a medical bill or with insurance.","Uninsured/underinsured New Yorkers","Varies","Free","Phone; Email","Statewide / Citywide","888-614-5400","https://www.cssny.org/programs/entry/community-health-advocates","Remote","Mon–Fri","Multiple","Yes","health-insurance; enrollment; medical-bills; navigator; certified","2026-08-25","Email enroll@cssny.org. Certified to enroll people, so a volunteer can hand somebody straight to them."
"HIICAP (Medicare Counseling)","Benefits & Financial Assistance","Medicare help","Free, unbiased counseling on Medicare, supplements and prescription help for older adults and people with disabilities.","Medicare-eligible (seniors & disabled)","N/A","Free","Phone; In-person","Citywide (all 5 boroughs)","800-701-0501 / Aging Connect 212-244-6469","https://www.nyc.gov/site/dfta/services/health-insurance-assistance.page","NYC Aging + sites","Mon–Fri","Multiple","Yes","seniors; medicare; health-insurance; disability; certified","2026-08-25","A certified counselor, so a volunteer can hand somebody straight to them."
"Fair Fares NYC","Transportation","Half-price fares","Half-price subway, bus and Access-A-Ride fares for low-income New Yorkers.","NYC residents 16–84 at/below 145% FPL","Yes","Free to apply (saves 50% on fares)","Online; In-person","Citywide (all 5 boroughs)","311","https://www.nyc.gov/site/fairfares/index.page","Apply online + Fair Fares offices","Mon–Fri offices","Multiple","Yes","start-here; transit; discount; low-income; no-status-check","2026-08-25","Does not ask immigration status — only residency, age and income."
"Social Security (SSI/SSDI & retirement)","Benefits & Financial Assistance","Monthly income from the government","Federal disability, retirement and SSI income benefits; apply by phone, online or at local offices.","Seniors; people with disabilities; eligible workers","Varies","Free to apply","Phone; Online; In-person","National / Citywide","800-772-1213","https://www.ssa.gov/agency/contact/phone.html","Local SSA offices","Mon–Fri","Multiple","Yes","benefits; disability; seniors; income; SSI; SSDI","2026-08-25",""
"NYC Aging — Aging Connect","Senior Services","One call, for older adults","The City's information line for older New Yorkers and the people caring for them. Older adult centers, meals brought to the door, a caseworker, and help with benefits.","Older adults (60+), caregivers","Varies","Free","Phone; Online","Citywide (all 5 boroughs)","212-244-6469 (212-AGING-NYC)","https://www.nyc.gov/site/dfta/index.page","Citywide","Mon–Fri 8:30am–5:30pm","Multiple","Yes","seniors; older-adults; meals; caregiver; case-management; navigation","2026-08-25","Core companionship-track partner in the Waypoint project (Friendly Visiting, HIICAP, Aging Connect)."
"Older Adult Centers (NYC Aging)","Senior Services","Community centers & meals","Neighborhood centers offering free or low-cost meals, activities, fitness, social work and connection for seniors.","Older adults (typically 60+)","Varies","Free / suggested contribution","In-person","Citywide (all 5 boroughs)","212-244-6469","https://www.nyc.gov/site/dfta/services/find-help.page","Centers in every borough","Vary by center","Multiple","Yes","seniors; older-adults; meals; social; companionship","2026-08-25","Find nearest center via Aging Connect."
"Home-Delivered Meals (NYC Aging)","Senior Services","Meals for homebound seniors","Delivers meals to homebound older adults who can't shop or cook for themselves.","Homebound older adults (60+)","Varies","Free / suggested contribution","Phone","Citywide (all 5 boroughs)","212-244-6469","https://www.nyc.gov/site/dfta/services/in-home-services.page","Delivered citywide","Weekday delivery","Multiple","Yes","seniors; meals; homebound; home-delivered","2026-08-25",""
"Adult Protective Services (APS)","Senior Services","If an adult is being harmed","For an adult who cannot look after themselves and is being hurt, neglected or taken advantage of. Anyone can make the referral. Somebody visits within three working days, or within a day if it is life-threatening.","Impaired adults 18+ at risk","Yes","Free","Phone","Citywide (all 5 boroughs)","718-557-1399 (or 311)","https://www.nyc.gov/site/hra/help/adult-protective-services.page","Citywide","Mon–Fri (emergencies via 911)","Multiple","Yes","seniors; disability; at-risk; protection; abuse","2026-08-25","718-557-1399 is the DSS OneNumber, which is what the City's own Adult Protective Services page tells you to call. The 212 number this directory used to print is not on that page."
"DYCD Runaway & Homeless Youth Drop-In Centers","Youth & Family","Youth drop-in","Safe places for young people roughly 14 to 24. Food, clothes, a shower, laundry, health care, a caseworker, and help getting a bed.","Youth ages 14–24","Yes","Free","In-person; Phone","Citywide (all 5 boroughs)","311","https://access.nyc.gov/programs/runaway-and-homeless-youth-drop-in-centers/","Drop-in centers citywide","Vary by site","Multiple","Yes","youth; homeless; drop-in; food; shelter; no-status-check","2026-08-25",""
"The Door","Youth & Family","Everything for young people, in one place","One-stop youth center: free health care and mental health care, legal help, school and high school equivalency, job training, meals and counseling.","Youth ages 12–24","Yes","Free","In-person; Phone","Manhattan (serves citywide)","212-941-9090","https://www.door.org/","555 Broome St, Manhattan","Mon–Fri (see site)","Multiple","Yes","youth; health; legal; education; job-training; meals; immigrants","2026-08-25","Immigration legal help available on site."
"Covenant House New York","Youth & Family","Youth shelter","24/7 shelter and services for youth 16–24 facing homelessness or escaping trafficking.","Youth ages 16–24","Yes","Free","In-person; Phone","Manhattan (serves citywide)","212-613-0300","https://www.covenanthouse.org/homeless-shelters/new-york","Manhattan","24/7/365","Multiple","Yes","youth; homeless; shelter; trafficking; 24-7","2026-08-25",""
"Ali Forney Center","Youth & Family","LGBTQ youth shelter","The largest program for LGBTQ homeless youth in the U.S.: emergency housing, drop-in, medical and mental-health care.","LGBTQ youth ages 16–24","Yes","Free","In-person; Phone","Manhattan (serves citywide)","212-206-0574","https://www.aliforneycenter.org","307 W 38th St, Manhattan","24/7","Multiple","Yes","youth; LGBTQ; homeless; shelter; health; 24-7","2026-08-25",""
"Safe Horizon Streetwork Project","Youth & Family","Homeless youth outreach","24-hour help line and drop-in centers for homeless and street-involved youth up to age 24.","Homeless youth (up to 24)","Yes","Free","Phone; In-person","Manhattan; Brooklyn","212-695-2220 (Manhattan) / 646-602-6404 (Harlem)","https://www.safehorizon.org/streetwork/","Harlem & Lower Manhattan drop-ins","Hotline 24/7","Multiple","Yes","youth; homeless; outreach; drop-in; 24-7","2026-08-25","Drop-in centers for young people. Open the door and walk in; you do not need an appointment or a referral. Safe Horizon's 24-hour line is 800-621-4673."
"National Runaway Safeline","Youth & Family","Runaway youth hotline","Free, confidential 24/7 hotline and chat for youth who have run away or are thinking about it, and their families.","Youth & families","Yes","Free","Phone; Chat; Text","National","800-786-2929 (1-800-RUNAWAY)","https://www.1800runaway.org","Remote","24/7","Multiple","Yes","youth; runaway; crisis; hotline; 24-7; families","2026-08-25",""
"Head Start / Early Head Start & 3-K/Pre-K","Youth & Family","Free early learning","Free early learning for babies, toddlers and preschoolers, with meals and health checks. Apply and let them tell you what your child can have.","Families with young children (income-eligible for Head Start; 3-K/Pre-K universal)","Yes","Free","Online; Phone; In-person","Citywide (all 5 boroughs)","311","https://www.schools.nyc.gov/enrollment/enroll-grade-by-grade","Sites citywide","School hours","Multiple","Yes","children; childcare; early-education; families; low-income","2026-08-25","Enrollment does not ask immigration status."
"NYC HOPE — 24-Hour DV Hotline (Safe Horizon)","Domestic & Gender-Based Violence","Domestic violence hotline","New York City's free and private domestic violence line, answered at any hour. Safety planning, a bed tonight, orders of protection, and someone to talk to.","Survivors of domestic/intimate-partner violence","Yes","Free","Phone","Citywide (all 5 boroughs)","800-621-4673 (800-621-HOPE); TTY 866-604-5350","https://www.nyc.gov/nychope","Remote","24/7","25+ languages","Yes","start-here; domestic-violence; survivors; safety-planning; shelter; 24-7; no-status-check","2026-08-25","Serves survivors regardless of immigration status."
"NYC Family Justice Centers","Domestic & Gender-Based Violence","Walk-in centers for survivors","Walk-in centers for survivors of domestic and gender-based violence, one in every borough. Free lawyers, counseling, a caseworker, and help making a plan to stay safe.","Survivors of DV/gender-based violence (any gender)","Yes","Free","In-person; Phone","One in each of the 5 boroughs","311","https://www.nyc.gov/site/ocdv/programs/family-justice-centers.page","One center per borough","Mon–Fri 9am–5pm (walk-in)","Multiple","Yes","domestic-violence; legal; counseling; survivors; walk-in; no-status-check","2026-08-25","No appointment or ID needed; interpreters available."
"Safe Horizon","Domestic & Gender-Based Violence","Victim services","Hotlines and help for anybody hurt by violence — at home, by a stranger, or as a child. Counseling, court advocates, shelter, and somebody to answer at any hour.","Victims of violence, abuse & crime","Yes","Free","Phone; Online","Citywide (all 5 boroughs)","800-621-4673 (DV) / 866-689-4357 (crime victims)","https://www.safehorizon.org","Programs citywide","Hotlines 24/7","Multiple","Yes","domestic-violence; crime-victims; sexual-assault; child-abuse; survivors","2026-08-25",""
"Sanctuary for Families","Domestic & Gender-Based Violence","Lawyers and shelter for survivors","Free lawyers, shelter and counseling for survivors of domestic violence, trafficking and other gender-based violence. Also help finding work afterwards.","Survivors of DV/trafficking/gender violence","Yes","Free","Phone; In-person","Citywide (all 5 boroughs)","212-349-6009","https://sanctuaryforfamilies.org","Manhattan + sites","Mon–Fri","Multiple","Yes","domestic-violence; trafficking; legal; shelter; survivors; immigrants","2026-08-25",""
"NYC Anti-Violence Project (AVP)","Domestic & Gender-Based Violence","Help for LGBTQ+ survivors","24/7 bilingual hotline and free counseling and legal help for LGBTQ and HIV-affected survivors of violence.","LGBTQ & HIV-affected survivors","Yes","Free","Phone; In-person","Citywide (all 5 boroughs)","212-714-1141","https://avp.org","Manhattan + remote","Hotline 24/7","English; Spanish","Yes","LGBTQ; domestic-violence; hate-violence; HIV; survivors; 24-7","2026-08-25",""
"National Domestic Violence Hotline","Domestic & Gender-Based Violence","Domestic violence hotline (national)","Free, confidential 24/7 support, safety planning and referrals for anyone affected by relationship abuse.","Anyone affected by relationship abuse","Yes","Free","Phone; Text; Chat","National","800-799-7233 / text START to 88788","https://www.thehotline.org","Remote","24/7","200+ languages","Yes","domestic-violence; survivors; safety-planning; 24-7; multilingual","2026-08-25",""
"RAINN National Sexual Assault Hotline","Domestic & Gender-Based Violence","Sexual assault hotline","Free and private support after a sexual assault, at any hour, by phone or online. They will also connect you to a rape crisis center near you.","Survivors of sexual assault & loved ones","Yes","Free","Phone; Chat","National","800-656-4673 (800-656-HOPE)","https://www.rainn.org","Remote","24/7","English; Spanish","Yes","sexual-assault; survivors; crisis; 24-7","2026-08-25",""
"Womankind","Domestic & Gender-Based Violence","Help for Asian survivors","A hotline, shelter, counseling and lawyers for survivors of violence, in many Asian languages. Built for Asian immigrant communities and open to anyone.","Survivors (Asian-language speakers welcome)","Yes","Free","Phone; In-person","Citywide (all 5 boroughs)","888-888-7702","https://www.iamwomankind.org","Citywide","Hotline hours (see site)","Many Asian languages","Yes","domestic-violence; immigrants; Asian-languages; survivors; trafficking","2026-08-25",""
"Violence Intervention Program (VIP)","Domestic & Gender-Based Violence","Help for Latina survivors","Bilingual hotline, shelter, counseling and advocacy for Latina and other survivors of domestic and gender-based violence.","Survivors (Spanish-speakers welcome)","Yes","Free","Phone; In-person","Citywide (all 5 boroughs)","800-664-5880","https://www.vipmujeres.org","Citywide","Hotline hours (see site)","English; Spanish","Yes","domestic-violence; immigrants; language-Spanish; survivors; Latina","2026-08-25",""
"Workforce1 Career Centers (NYC SBS)","Employment & Workforce","Job search & training","Free help finding a job, and free training for the jobs employers are actually hiring for. In person or online.","Job seekers 18+","Varies","Free","In-person; Online","Citywide (all 5 boroughs)","311","https://www.nyc.gov/site/sbs/careers/wf1-career-centers.page","Career centers in all boroughs","Mon–Fri","Multiple","Yes","start-here; employment; job-search; job-training; adults","2026-08-25","Work authorization may be required for placement; training and advice is broadly available."
"Summer Youth Employment Program (SYEP)","Employment & Workforce","Youth paid jobs","A paid summer job for young people aged roughly 14 to 24, with someone to help you work out what you want to do next. Apply in the winter for the summer.","NYC youth ages 14–24","Varies","Free (youth are paid)","Online","Citywide (all 5 boroughs)","311","https://application.nycsyep.com","Online application","Applications open winter/spring","Multiple","Yes","youth; employment; paid-jobs; summer; teens","2026-08-25",""
"Free ESOL / English & Literacy Classes (NYC libraries & ONA)","Employment & Workforce","English classes and adult school","Free English classes, reading classes, high school equivalency and citizenship classes. At public libraries and Opportunity Centers across the city.","Adults; immigrants; English learners","Yes","Free","In-person; Online","Citywide (all 5 boroughs)","311","https://www.nypl.org/education/adults/english-classes","Library branches & ONA centers","Vary by site","Multiple","Yes","education; ESOL; literacy; immigrants; GED; citizenship","2026-08-25","Offered at NYPL, Brooklyn PL, Queens PL and NYS ONA Opportunity Centers."
"Access-A-Ride (MTA Paratransit)","Transportation","Door-to-door rides (Access-A-Ride)","Shared door-to-door rides for people who cannot use the subway or the bus because of a disability. You have to be assessed first, and the assessment is free.","People with qualifying disabilities","Yes","Same as regular fare (Fair Fares can halve it)","Phone; Online","Citywide (all 5 boroughs)","877-337-2017 (or 718-393-4999 from outside the NYC area codes)","https://www.mta.info/accessibility/access-a-ride","Citywide","Reservations daily","Multiple","Yes","transportation; disability; paratransit; seniors; wheelchair; mobility; ambulette","2026-08-25","Eligibility assessment required. Pair with Fair Fares for half fare."
"Reduced-Fare OMNY / MetroCard (Seniors & Disabled)","Transportation","Half-price fares","Half-price subway and bus fares for riders 65 and over, and for people with a disability. You apply once and it stays.","Riders 65+; people with disabilities","Yes","Free to apply (half fare)","Online; Phone; In-person","Citywide (all 5 boroughs)","511","https://www.mta.info/fares-tolls/subway-bus/reduced-fare","MTA reduced-fare processing","Mon–Fri","Multiple","Yes","transportation; seniors; disability; discount; wheelchair; mobility","2026-08-25",""
"Medicaid Non-Emergency Medical Transportation (MAS)","Transportation","Rides to medical care","Free rides to and from medical appointments that Medicaid pays for. Book ahead, through Medical Answering Services.","Medicaid members","Varies","Free","Phone; Online","Citywide (all 5 boroughs)","844-666-6270","https://www.medanswering.com","Citywide","Mon–Fri (book ahead)","Multiple","Yes","transportation; medical; medicaid; seniors; disability","2026-08-25","Book in advance; ambulette available for those who qualify."
"The Salvation Army Greater New York","Clothing & Supplies","Many services, and a thrift shop","Emergency food, shelter, clothes and furniture, help with a utility bill, and low-cost thrift shops.","Anyone in need","Yes","Free help; low-cost thrift","In-person; Phone","Citywide (all 5 boroughs)","212-337-7200","https://www.salvationarmyusa.org/usa-eastern-territory/greater-new-york/","Corps centers citywide","Vary by site","Multiple","Yes","clothing; furniture; food; shelter; utilities; all-populations","2026-06-30",""
"Good+ Foundation (formerly Baby Buggy)","Clothing & Supplies","Baby & children's gear","Diapers, clothes, cribs, strollers and the rest of what a baby needs. You get them through a program you are already in — ask your caseworker or your clinic.","Families with babies/children in need","Yes","Free","Via partner agencies","Citywide (all 5 boroughs)","","https://goodplusfoundation.org/home","Through partner agencies","Via partners","Multiple","Yes","baby-supplies; diapers; clothing; children; families","2026-08-25","Access is through their community partner organizations, not directly. The organization was renamed from Baby Buggy."
"The HopeLine (Bronx) — Diapers & Food","Clothing & Supplies","Diapers & baby supplies","Diapers and food bags for South Bronx families with young children enrolled in WIC or SNAP.","Families with a child under 2 on WIC/SNAP","Yes","Free","Phone (appointment)","Bronx","718-402-1212","https://thehopeline.org","South Bronx","Appointments Mon 9:30am–5pm","English; Spanish","Yes","baby-supplies; diapers; food; families; low-income","2026-08-25","Schedule by phone."
"Diaper Banks of New York State (locator)","Clothing & Supplies","Diaper assistance locator","Find a diaper bank near you. They give out free diapers, and most do not ask for much.","Families needing diapers","Yes","Free","Online","Statewide / Citywide","","https://postpartumny.org/diaperbanksnys/","Online","24/7 online","English","Self-serve tool","baby-supplies; diapers; families; finder","2026-08-25","Eligibility (e.g., WIC or SNAP, borough) varies by bank."
"New York Cares Winter Wishes / Coat Drive","Clothing & Supplies","Winter coats","Free winter coats, handed out each autumn through pantries, shelters and community centers. Ask at any of them, or call.","Anyone needing a winter coat","Yes","Free","In-person (seasonal)","Citywide (all 5 boroughs)","212-228-5000","https://www.newyorkcares.org/coat-drive/need-coats","Distribution partners citywide","Winter season","Multiple","No","clothing; coats; winter; seasonal; all-populations","2026-08-25","Runs roughly Nov–Feb; check site for current distribution sites."
"NYC Department of Veterans' Services (VetConnectNYC)","Veterans","Where veterans start","Free help for veterans, people still serving, and their families: benefits, housing, health care, work, and a lawyer when one is needed.","Veterans, service members, families, caregivers","N/A","Free","Phone; Online; In-person","Citywide (all 5 boroughs)","212-416-5250","https://www.nyc.gov/site/veterans/index.page","Citywide","Mon–Fri","Multiple","Yes","start-here; veterans; benefits; housing; health; employment; navigation","2026-08-25","Email connect@veterans.nyc.gov. Requests processed in 3–5 business days."
"VA New York Harbor Healthcare System","Veterans","Veteran healthcare","VA hospitals and clinics in Manhattan, Brooklyn and Queens. Free or low-cost care for veterans — call and let them work out what you can have.","Eligible veterans","N/A","Free to low-cost","In-person; Phone","Manhattan; Brooklyn; Queens (+ clinics)","212-686-7500","https://www.va.gov/new-york-harbor-health-care/","423 E 23rd St, Manhattan (+ Brooklyn campus & clinics)","Vary by site","Multiple","Yes","veterans; healthcare; mental-health; hospital","2026-08-25","Many veterans qualify for free care; you need to sign up and have your eligibility checked."
"GMHC (Gay Men's Health Crisis)","Healthcare","HIV/AIDS services","Free HIV/AIDS prevention, testing, care navigation, meals, mental health and legal services for people affected by HIV.","People living with/affected by HIV; LGBTQ","Yes","Free","In-person; Phone","Manhattan (serves citywide)","212-367-1000 (hotline 800-243-7692)","https://www.gmhc.org","307 W 38th St, Manhattan","Mon–Fri","Multiple","Yes","HIV; LGBTQ; testing; meals; mental-health; legal","2026-08-25","Free HIV hotline 800-243-7692 for referrals and info."
"Housing Works","Healthcare","HIV, housing & health","Health care, housing, meals, legal aid and job training for people living with HIV/AIDS and those experiencing homelessness.","People with HIV/AIDS; homeless New Yorkers","Yes","Free / low-cost","In-person; Phone","Citywide (all 5 boroughs)","347-473-7400","https://www.housingworks.org","Sites citywide + thrift stores","Vary by site","Multiple","Yes","HIV; housing; homeless; healthcare; legal; job-training","2026-08-25",""
"Community Health Advocates (CHA)","Medical Bills & Insurance","Medical bills & denied claims","A free helpline, and advocates you can sit down with. They help you understand a medical bill, challenge a claim that was denied, and use the coverage you already have.","Anyone in New York State","Yes","Free","Phone; In-person; Online","Statewide / Citywide","888-614-5400","https://www.communityhealthadvocates.org","Advocates located across New York State","Mon-Fri 9am-4pm","English; Spanish; Russian; Mandarin; Cantonese; Haitian Creole; Bengali; Korean","Yes","medical-bills; insurance; denials; appeals; multilingual; uninsured; start-here; all-populations","2026-08-25","The best first call about a medical bill or a denied claim. They will tell you what applies to your own situation."
"Hospital Financial Assistance (every NY hospital)","Medical Bills & Insurance","Hospital bill assistance","Every hospital in New York keeps a financial assistance policy and uses the state's single application form. The hospital's own financial counselor is the person who applies it.","Patients with a hospital bill they cannot pay","Yes","Free to apply","In-person; Phone; Online","Statewide / Citywide","","https://www.health.ny.gov/facilities/hospital/financial_assist/patient_info/","Ask at the hospital that sent the bill","Varies by hospital","Varies by hospital","Yes","medical-bills; hospital-bill; charity-care; uninsured; no-status-check; start-here; all-populations; cant pay my hospital bill; i cant afford my hospital bill; hospital bill too big","2026-08-25","Immigration status cannot be used to decide financial assistance. You can ask to apply at any point, including after a bill has gone to collections. Ask the hospital for its financial counselor by name."
"New York State External Appeal (DFS)","Medical Bills & Insurance","Insurance denial appeal","If a health plan says a treatment is not necessary, is experimental, or is outside its network, you can make the state send the file to an independent doctor. That doctor does not work for the insurer, and the plan has to do what they decide.","Anyone with a New York health plan whose claim was denied","Varies","Free","Phone; Online; Mail","Statewide / Citywide","800-400-8882","https://www.dfs.ny.gov/complaints/file_external_appeal","Statewide, by mail or online","Mon-Fri, business hours","English; interpretation available","Yes","insurance; denials; appeals; medical-bills","2026-08-23","This is time-sensitive — call today, not next week. There are time limits, and which one applies depends on your plan and your denial letter, so let them or Community Health Advocates confirm it rather than assuming it is too late."
"NYS Attorney General Health Care Helpline","Medical Bills & Insurance","Billing & insurance complaints","State advocates who take on a medical bill that is wrong, a surprise bill, or coverage that was denied or canceled when it should not have been. They take it up with the company for you.","Anyone in New York State","Varies","Free","Phone; Online","Statewide / Citywide","800-428-9071","https://ag.ny.gov/resources/individuals/health-care-insurance/health-care-helpline","Statewide","Mon-Fri, business hours","English; interpretation available","Yes","medical-bills; surprise-billing; insurance; denials; complaints","2026-08-25","Useful when a hospital or an insurer will not fix a billing problem you have already raised with them directly."
"Medicaid (New York)","Healthcare","Signing up for health insurance","New York's free health insurance. Covers doctor visits, hospital care, prescriptions, mental health care and more. Apply through NY State of Health or through the City.","Low-income New Yorkers; children, pregnant people, older adults and people with disabilities have their own routes in","Varies","Free","Phone; Online; In-person","Citywide (all 5 boroughs)","855-355-5777","https://access.nyc.gov/programs/medicaid/","Citywide","Mon-Fri; online 24/7","Multiple","Yes","health-insurance; medicaid; coverage; benefits-screener","2026-08-25","Immigration status affects which version you can get, and some coverage is open to everyone. Do not assume you are ineligible - ask."
"Essential Plan","Healthcare","Signing up for health insurance","Health insurance for adults who earn too much for Medicaid. No monthly premium and very low costs when you use it. Includes dental and vision.","Adults in New York State who do not qualify for Medicaid","Varies","Free","Phone; Online","Citywide (all 5 boroughs)","855-355-5777","https://access.nyc.gov/programs/essential-plan/","Citywide","Mon-Fri; online 24/7","Multiple","Yes","health-insurance; coverage; no-premium","2026-08-25","Open to some immigrants who cannot get Medicaid. Ask."
"Child Health Plus","Healthcare","Signing up for health insurance","Free or low-cost health insurance for children, whatever their family earns and whatever their immigration status.","Children under 19 in New York State","Yes","Free","Phone; Online","Citywide (all 5 boroughs)","855-355-5777","https://access.nyc.gov/programs/child-health-plus/","Citywide","Mon-Fri; online 24/7","Multiple","Yes","health-insurance; children; coverage; all-populations","2026-08-25","Immigration status does not matter for a child's coverage."
"NY State of Health Assistors","Medical Bills & Insurance","Health insurance help","Free trained assistors who sit down with you, in person or by phone, and enroll you in whatever coverage you can get. They do not sell anything.","Anyone in New York State","Yes","Free","Phone; Online; In-person","Citywide (all 5 boroughs)","855-355-5777","https://access.nyc.gov/programs/qualified-health-plans/","Citywide","Mon-Fri","Multiple","Yes","health-insurance; enrollment; navigator; coverage","2026-08-25","An assistor is free and independent. A broker is paid by insurers - ask which you are speaking to."
"HASA (HIV/AIDS Services Administration)","Healthcare","HIV, housing & benefits","For New Yorkers living with HIV or AIDS. Help getting health care, housing, food, cash and transport, with a caseworker who already knows how the system works.","New York City residents living with HIV or AIDS","Varies","Free","Phone; In-person","Citywide (all 5 boroughs)","718-557-1399","https://access.nyc.gov/programs/hivaids-services-administration/","Citywide","Mon-Fri","Multiple","Yes","hiv; aids; housing; benefits; case-management","2026-08-25",""
"Family Planning Benefit Program","Healthcare","Reproductive & sexual health","Free and confidential birth control, testing, and reproductive care through New York State. Confidential means nobody is told, including a parent or a spouse.","Teens and adults in New York State","Varies","Free","Phone; In-person","Citywide (all 5 boroughs)","800-541-2831","https://access.nyc.gov/programs/family-planning-benefit-program-fpbp/","Citywide","Mon-Fri","Multiple","Yes","birth-control; reproductive; confidential; sexual-health; abortion; birth control","2026-08-25",""
"NYC Nurse-Family Partnership","Youth & Family","Pregnancy & new parents","A nurse of your own, free, who visits you at home through your pregnancy and until your child turns two. Health, feeding, benefits, whatever you need.","People pregnant with a first child in NYC","Varies","Free","Phone; In-person","Citywide (all 5 boroughs)","347-396-4200","https://access.nyc.gov/programs/nyc-nurse-family-partnership-nfp/","Citywide","Mon-Fri","Multiple","Yes","pregnancy; newborn; home-visiting; parent-support","2026-08-25",""
"NYS Paid Prenatal Leave","Employment & Workforce","Workers' rights","Paid time off from work in New York State for pregnancy-related medical appointments, on top of any other sick leave. Your employer has to give it.","Employees in New York State","Varies","Free","Phone; Online","Citywide (all 5 boroughs)","888-525-2267","https://access.nyc.gov/programs/nys-paid-prenatal-leave/","Citywide","Mon-Fri","Multiple","Yes","work; pregnancy; paid-leave; workers-rights","2026-08-25",""
"NYS Paid Family Leave","Employment & Workforce","Workers' rights","Paid time off to care for a new baby, a seriously ill family member, or a family member deployed abroad. Your job is protected while you take it.","Most employees in New York State","Varies","Free","Phone; Online","Citywide (all 5 boroughs)","844-337-6303","https://access.nyc.gov/programs/nys-paid-family-leave/","Citywide","Mon-Fri","Multiple","Yes","work; paid-leave; family; workers-rights","2026-08-25",""
"NYS Unemployment Insurance","Benefits & Financial Assistance","Monthly cash","Weekly money while you look for work after losing a job. File as soon as you are out of work.","People who lost a job through no fault of their own","Varies","Free","Phone; Online","Citywide (all 5 boroughs)","888-209-8124","https://access.nyc.gov/programs/nys-unemployment-insurance/","Citywide","Mon-Fri; online 24/7","Multiple","Yes","unemployment; income; job-loss; benefits; fired; laid off; lost my job","2026-08-25",""
"NYC Office of Child Support Services","Youth & Family","Family support","Free help setting up, collecting, or changing child support - for the parent receiving it and the parent paying it. Nobody is asked about immigration status.","Parents, guardians and caretakers in NYC","Yes","Free","Phone; Online; In-person","Citywide (all 5 boroughs)","888-208-4485","https://access.nyc.gov/programs/child-support-enforcement/","Citywide","Mon-Fri","Multiple","Yes","child-support; family; parents; all-populations","2026-08-25",""
"Child Care Vouchers (NYC)","Youth & Family","Childcare & early learning","Pays most or all of the cost of childcare - at a center, at a home-based provider, or with a relative or friend you choose.","Families in NYC who need childcare to work, study or look for work","Varies","Free","Phone; Online; In-person","Citywide (all 5 boroughs)","212-835-7610","https://access.nyc.gov/programs/child-care-voucher/","Citywide","Mon-Fri","Multiple","Yes","childcare; daycare; voucher; families","2026-08-25",""
"NYC Child Care Connect","Youth & Family","Childcare & early learning","Search every licensed childcare program in the city, and see its inspection history before you leave your child there.","Anyone","Varies","Free","Online","Citywide (all 5 boroughs)","311","https://access.nyc.gov/programs/nyc-child-care-connect/","Citywide","24/7 online","Multiple","Self-serve tool","childcare; daycare; search; inspections","2026-08-25",""
"Extended Day / Year Infant and Toddler Programs","Youth & Family","Childcare & early learning","Free or low-cost year-round care and early education for babies and toddlers, for up to ten hours a day.","Families in NYC with children under three","Varies","Free","Online; In-person","Citywide (all 5 boroughs)","311","https://access.nyc.gov/programs/infant-and-toddler-programs/","Citywide","Vary by site","Multiple","Yes","childcare; infant; toddler; early-childhood","2026-08-25",""
"LYFE (Living for the Young Family Through Education)","Youth & Family","Childcare & early learning","Free childcare inside a public high school, so a student who is a parent can finish school. Their child is looked after in the building.","Students in NYC public schools who are parents","Varies","Free","Phone; In-person","Citywide (all 5 boroughs)","311","https://access.nyc.gov/programs/living-for-the-young-family-through-education/","Citywide","School hours","Multiple","Yes","childcare; teen-parent; school; early-childhood","2026-08-25",""
"COMPASS NYC (After School)","Youth & Family","School & after school","Free after-school programs across the city, from kindergarten through high school. Homework help, sport, arts, and somewhere safe until you finish work.","NYC students K-12","Varies","Free","Phone; Online; In-person","Citywide (all 5 boroughs)","800-246-4646","https://access.nyc.gov/programs/comprehensive-after-school-system-of-nyc/","Citywide","After school; vary by site","Multiple","Yes","after-school; children; free; school","2026-08-25",""
"Learn & Earn","Employment & Workforce","Youth paid jobs","Paid part-time work plus college and job preparation for high school juniors and seniors.","NYC high school juniors and seniors","Varies","Free","Phone; Online","Citywide (all 5 boroughs)","800-246-4646","https://access.nyc.gov/programs/learn-and-earn/","Citywide","Vary by site","Multiple","Yes","youth-jobs; paid; school; career","2026-08-25",""
"Train & Earn","Employment & Workforce","Youth paid jobs","Paid job training and help passing the high school equivalency test, for young people who are not in school or working.","New Yorkers roughly 16 to 24 who are out of school and out of work","Varies","Free","Phone; Online; In-person","Citywide (all 5 boroughs)","800-246-4646","https://access.nyc.gov/programs/train-and-earn/","Citywide","Vary by site","Multiple","Yes","youth-jobs; training; hse; ged; paid","2026-08-25",""
"Older Adult Employment Program","Employment & Workforce","Job search & training","Free training and job placement for older New Yorkers who want to work, including paid on-the-job training.","New Yorkers 55 and older","Varies","Free","Phone; In-person","Citywide (all 5 boroughs)","212-602-6958","https://access.nyc.gov/programs/older-adult-employment-program/","Citywide","Mon-Fri","Multiple","Yes","job-search; training; older-adults; seniors","2026-08-25",""
"We Speak NYC (free English classes)","Employment & Workforce","English classes and adult school","Free English conversation classes across the city, built around how to use City services. No papers asked for, no test to get in.","Anyone in NYC learning English","Yes","Free","Phone; Online; In-person","Citywide (all 5 boroughs)","212-788-7654","https://access.nyc.gov/programs/we-speak-nyc/","Citywide","Vary by site","English learners; multiple","Yes","esol; english; classes; adult-education; all-populations","2026-08-25",""
"Text 2 Work","Employment & Workforce","Job search & training","Free job alerts by text message - retail, construction, food service and more. Text and they send you openings.","Anyone in NYC looking for work","Yes","Free","Text; Phone","Citywide (all 5 boroughs)","212-331-4151","https://access.nyc.gov/programs/text-2-work/","Citywide","24/7","Multiple","Yes","job-search; text; alerts; all-populations","2026-08-25",""
"NYCHA REES (jobs & training for residents)","Employment & Workforce","Job search & training","Job training, financial coaching and business support for people who live in public housing or use a Section 8 voucher.","NYCHA residents and Section 8 voucher holders","Varies","Free","Phone; In-person","Citywide (all 5 boroughs)","718-289-8100","https://access.nyc.gov/programs/nycha-resident-economic-empowerment-and-sustainability/","Citywide","Mon-Fri","Multiple","Yes","job-search; training; nycha; public-housing","2026-08-25",""
"NYCHA Public Housing","Housing & Shelter","Affordable housing","Apply for an apartment in New York City public housing. The wait is long - apply anyway, and keep your address up to date.","Low-income New Yorkers","Varies","Free","Online; Phone","Citywide (all 5 boroughs)","718-707-7771","https://access.nyc.gov/programs/public-housing/","Citywide","Mon-Fri","Multiple","Yes","affordable; housing; nycha; long-wait; section8; section 8; nycha application","2026-08-25",""
"Section 8 / Housing Choice Voucher","Housing & Shelter","Affordable housing","A voucher that pays part of your rent to a private landlord. Waiting lists open and close - check before assuming you cannot apply.","Low-income New Yorkers","Varies","Free","Online; Phone","Citywide (all 5 boroughs)","718-707-7771","https://access.nyc.gov/programs/section-8/","Citywide","Mon-Fri","Multiple","Yes","affordable; housing; voucher; section-8; rent","2026-08-25",""
"NYC Mitchell-Lama Housing","Housing & Shelter","Affordable housing","Waiting lists for affordable apartments and co-ops built for moderate-income New Yorkers. Separate from the lottery and worth being on.","Moderate and middle income New Yorkers","Varies","Free","Online; Phone","Citywide (all 5 boroughs)","212-863-6500","https://access.nyc.gov/programs/nyc-mitchell-lama/","Citywide","Mon-Fri","Multiple","Yes","affordable; housing; mitchell-lama; waitlist","2026-08-25",""
"FHEPS (rent help for families)","Housing & Shelter","One-time cash for housing","Pays some or all of the rent for families with children who are facing eviction or are in a shelter.","Families with children in NYC","Varies","Free","Phone; In-person","Citywide (all 5 boroughs)","929-221-7270","https://access.nyc.gov/programs/family-homelessness-and-eviction-prevention-supplement-fheps/","Citywide","Mon-Fri","Multiple","Yes","rent; eviction; arrears; families; voucher; help paying rent; cant pay my rent; behind on rent","2026-08-25",""
"Family Type Homes for Adults","Senior Services","Supportive housing","A room in a licensed private family home, with meals and supervision, for an adult who cannot live alone.","Adults who cannot live alone because of age, disability or health","Varies","Varies","Phone","Citywide (all 5 boroughs)","929-252-6420","https://access.nyc.gov/programs/family-type-homes-for-adults-ftha/","Citywide","Mon-Fri","Multiple","Yes","supportive-housing; older-adults; disability","2026-08-25",""
"HRA Home Care Services Program","Senior Services","Care at home","Health care and help with daily life delivered at home, so somebody does not have to move into a facility.","Older adults and people with disabilities on Medicaid","Varies","Free","Phone","Citywide (all 5 boroughs)","718-557-1399","https://access.nyc.gov/programs/home-care-services-program/","Citywide","Mon-Fri","Multiple","Yes","home-care; older-adults; disability; medicaid","2026-08-25",""
"NY Connects NYC","Senior Services","One call, for older adults","One free phone call about long-term care: what exists, what it costs, and how to get it. For older adults, people with disabilities, and the people caring for them.","Anyone in NYC, regardless of immigration status","Yes","Free","Phone; Online","Citywide (all 5 boroughs)","800-342-9871","https://access.nyc.gov/programs/nyc-ny-connects/","Citywide","Mon-Fri","Multiple","Yes","start-here; referral; older-adults; disability; caregiver; all-populations","2026-08-25",""
"SCRIE (rent freeze for older adults)","Senior Services","Money & rent for older adults","Freezes the rent for older New Yorkers in rent-regulated apartments. The landlord gets a tax credit instead. One of the most under-claimed things in the city.","Rent-regulated tenants 62 and older","Varies","Free","Phone; Online; Mail","Citywide (all 5 boroughs)","929-252-7242","https://access.nyc.gov/programs/senior-citizens-rent-increase-exemption-scrie/","Citywide","Mon-Fri","Multiple","Yes","rent; freeze; older-adults; scrie; money","2026-08-25",""
"DRIE (rent freeze for people with disabilities)","Senior Services","Money & rent for older adults","Freezes the rent for New Yorkers with disabilities in rent-regulated apartments.","Rent-regulated tenants with a qualifying disability","Varies","Free","Phone; Online; Mail","Citywide (all 5 boroughs)","929-252-7242","https://access.nyc.gov/programs/disability-rent-increase-exemption-drie/","Citywide","Mon-Fri","Multiple","Yes","rent; freeze; disability; drie; money","2026-08-25",""
"CSFP (monthly food package for older adults)","Food & Nutrition","Food for pregnancy and small children","A free box of groceries every month for older New Yorkers, on top of anything else you get.","New Yorkers 60 and older","Varies","Free","In-person; Phone","Citywide (all 5 boroughs)","311","https://access.nyc.gov/programs/commodity-supplemental-food-program-csfp/","Citywide","Monthly; vary by site","Multiple","Yes","food; groceries; older-adults; monthly","2026-08-25",""
"Summer EBT (SUN Bucks)","Food & Nutrition","Money for groceries","Grocery money on a card over the summer, for families whose children get free school meals during the year. Most families are signed up automatically.","Families with school-age children","Varies","Free","Phone; Online","Citywide (all 5 boroughs)","833-452-0096","https://access.nyc.gov/programs/summer-ebt/","Citywide","Mon-Fri; online 24/7","Multiple","Yes","food; snap; ebt; children; summer","2026-08-25",""
"Summer Meals NYC","Food & Nutrition","Free food locator","Free breakfast and lunch for anyone 18 or under, all summer, at schools, parks and pools. No sign-up, no papers, no questions.","Anyone 18 and under","Yes","Free","In-person; Online","Citywide (all 5 boroughs)","311","https://access.nyc.gov/programs/summer-meals/","Citywide","Summer; vary by site","Multiple","Yes","food; meals; children; summer; all-populations; no-paperwork","2026-08-25",""
"Cooling Assistance (HEAP)","Benefits & Financial Assistance","Utility/heating help","Pays for an air conditioner or a fan, and the installation, for households where heat is dangerous.","Low-income households, especially older adults, young children and people with health conditions","Varies","Free","Phone; Online; In-person","Citywide (all 5 boroughs)","718-557-1399","https://access.nyc.gov/programs/cooling-assistance-benefit/","Citywide","Seasonal; Mon-Fri","Multiple","Yes","utility; cooling; heat; air-conditioner; energy","2026-08-25",""
"Lifeline (phone & internet discount)","Benefits & Financial Assistance","Utility/heating help","A monthly discount on a phone or internet bill, for households already receiving benefits.","Households on SNAP, Medicaid, SSI and some other benefits","Varies","Free","Phone; Online","Citywide (all 5 boroughs)","800-234-9473","https://access.nyc.gov/programs/lifeline/","Citywide","Mon-Fri","Multiple","Yes","utility; phone; internet; discount; wifi; cell phone; phone bill","2026-08-25",""
"Affordable Broadband (New York)","Benefits & Financial Assistance","Utility/heating help","Low-cost home internet by New York State law, from any big provider, for households on certain benefits. Ask your provider for it by name.","Households on SNAP, Medicaid and some other benefits","Varies","Low-cost","Online; Phone","Citywide (all 5 boroughs)","311","https://access.nyc.gov/programs/affordable-broadband-act/","Citywide","24/7 online","Multiple","Yes","utility; internet; broadband; discount; wifi; internet at home; cheap internet","2026-08-25",""
"Big Apple Connect","Benefits & Financial Assistance","Utility/heating help","Free home internet and basic cable for people living in NYCHA developments in the program.","NYCHA residents","Varies","Free","Phone; Online","Citywide (all 5 boroughs)","866-580-1410","https://access.nyc.gov/programs/big-apple-connect/","Citywide","Mon-Fri","Multiple","Yes","utility; internet; nycha; free; wifi; internet at home; free internet","2026-08-25",""
"Child Tax Credit","Benefits & Financial Assistance","Free tax filing","Money back for families with children, claimed on a tax return. You can claim it even if you earned little or nothing - file to get it.","Families with children","Varies","Free","Online; In-person","Citywide (all 5 boroughs)","311","https://access.nyc.gov/programs/child-tax-credit-ctc/","Citywide","Tax season","Multiple","Yes","tax; credit; children; money-back","2026-08-25",""
"Earned Income Tax Credit (EITC)","Benefits & Financial Assistance","Free tax filing","Money back for people who work but do not earn much. Thousands of New Yorkers never claim it. A free tax preparer will do the whole thing for you.","Working people, with or without children","Varies","Free","Online; In-person","Citywide (all 5 boroughs)","311","https://access.nyc.gov/programs/earned-income-tax-credit-eitc/","Citywide","Tax season","Multiple","Yes","tax; credit; eitc; money-back; work","2026-08-25",""
"Child and Dependent Care Tax Credit","Benefits & Financial Assistance","Free tax filing","Money back for what you paid somebody to look after a child or a disabled family member while you worked or looked for work.","People who paid for care in order to work","Varies","Free","Online; In-person","Citywide (all 5 boroughs)","311","https://access.nyc.gov/programs/child-and-dependent-care-tax-credit/","Citywide","Tax season","Multiple","Yes","tax; credit; childcare; money-back","2026-08-25",""
"Center for NYC Neighborhoods (Homeowner Help Desk)","Housing & Shelter","If you own your home","Free advice for homeowners - falling behind on a mortgage, a deed or foreclosure scam, storm damage, or a house you inherited and cannot afford.","NYC homeowners, regardless of immigration status","Yes","Free","Phone; Online","Citywide (all 5 boroughs)","646-786-0888","https://access.nyc.gov/programs/center-for-nyc-neighborhoods/","Citywide","Mon-Fri","Multiple","Yes","homeowner; foreclosure; mortgage; scam; all-populations","2026-08-25",""
"HUD-VASH (housing for veterans)","Veterans","Veteran housing","A rent voucher plus a caseworker, for veterans who are homeless or about to be. Call the National Call Center for Homeless Veterans any hour.","Veterans who are homeless or at risk","Varies","Free","Phone","Citywide (all 5 boroughs)","877-424-3838","https://access.nyc.gov/programs/supportive-housing-for-veterans/","Citywide","24/7","Multiple","Yes","veterans; housing; homeless; 24-7","2026-08-25",""
"MOIA Immigration Legal Support Centers","Legal & Immigration","Immigration legal help","Free, safe immigration legal screening run by the City. A real lawyer tells you what you may be able to apply for. Not a notario.","Any immigrant New Yorker","Yes","Free","Phone; In-person","Citywide (all 5 boroughs)","800-354-0365","https://access.nyc.gov/programs/moia-immigration-legal-support-centers/","Citywide","Mon-Fri","Multiple","Yes","immigration; legal; free; all-populations; not-notario","2026-08-25","Call ActionNYC on 800-354-0365 to be booked in. Never pay a notario for immigration paperwork."
"NYC Ferry Discount","Transportation","Half-price fares","Cheaper ferry tickets for older adults, people with disabilities, high school students and Fair Fares members.","Older adults, people with disabilities, students, Fair Fares members","Yes","Low-cost","Online; In-person","Citywide (all 5 boroughs)","311","https://access.nyc.gov/programs/nyc-ferry-discount-program/","Citywide","Daily","Multiple","Yes","transit; ferry; discount; older-adults; disability; all-populations","2026-08-25",""
"Dollar For","Medical Bills & Insurance","Hospital bill assistance","A free nonprofit that checks whether your hospital has to wipe out your bill, and files the charity-care application for you. You give them the bill; they do the paperwork.","Anyone with a hospital bill in the United States","Yes","Free","Online","Citywide (all 5 boroughs)","","https://dollarfor.org/","Online","24/7 online","English; Spanish","Self-serve tool","medical-bills; charity-care; hospital-bill; financial-assistance; start-here","2026-08-25","Works on hospital bills, not doctors' offices or ambulances. Free — they never take a cut."
"Patient Advocate Foundation","Medical Bills & Insurance","Medical bills & denied claims","Free caseworkers who take on your insurance company, your hospital's billing office, or your employer, when a serious illness has turned into a paperwork fight.","People with a chronic, serious or life-threatening illness","Varies","Free","Phone; Online","Citywide (all 5 boroughs)","800-532-5274","https://www.patientadvocate.org/","National","Mon-Fri","Multiple","Yes","medical-bills; denial; appeal; case-management; chronic-illness","2026-08-25","Also runs small financial-aid funds for specific diagnoses."
"HealthWell Foundation","Medical Bills & Insurance","Help paying for medicine","Grants that pay the copays, premiums and travel costs for people who have insurance but still cannot afford the treatment. Funds open and close by illness.","Insured people with a covered diagnosis","Varies","Free to apply","Phone; Online","Citywide (all 5 boroughs)","800-675-8416","https://www.healthwellfoundation.org/","National","Mon-Fri","Multiple","Yes","medication; copay; prescription; grant; medical-bills","2026-08-25","Check the fund list for your illness before applying; funds open and close."
"PAN Foundation","Medical Bills & Insurance","Help paying for medicine","Grants toward out-of-pocket medication costs for people with insurance and a covered diagnosis.","Insured people with a covered diagnosis","Varies","Free to apply","Phone; Online","Citywide (all 5 boroughs)","866-512-3861","https://www.panfoundation.org/","National","Mon-Fri","Multiple","Yes","medication; copay; prescription; grant; medical-bills","2026-08-25",""
"Good Days","Medical Bills & Insurance","Help paying for medicine","Help with copays, premiums and getting to treatment, for people with long-term illnesses.","Insured people with a covered diagnosis","Varies","Free to apply","Phone; Online","Citywide (all 5 boroughs)","877-968-7233","https://mygooddays.org/","National","Mon-Fri","Multiple","Yes","medication; copay; travel; grant; medical-bills","2026-08-24",""
"CancerCare Co-Payment Assistance Foundation","Medical Bills & Insurance","Help paying for medicine","Money toward the copays for cancer treatment. CancerCare itself also gives free counseling and support groups to anyone touched by cancer.","Insured people in treatment for cancer","Varies","Free to apply","Phone; Online","Citywide (all 5 boroughs)","866-552-6729","https://www.cancercare.org/copayfoundation","National; offices in NYC","Mon-Fri","English; Spanish","Yes","medication; copay; cancer; grant; medical-bills","2026-08-25",""
"Triage Cancer","Medical Bills & Insurance","Insurance denial appeal","Free plain-language guides and a helpline on the practical side of a diagnosis: insurance, appeals, disability, taking time off work, and who pays for what.","Anyone facing a cancer diagnosis, and their family","Yes","Free","Phone; Online; Email","Citywide (all 5 boroughs)","424-258-4628","https://triagecancer.org/","National","Mon-Fri","English; Spanish","Yes","denial; appeal; insurance; cancer; work; disability","2026-08-25",""
"ICAN — NY Ombudsman for Managed Long-Term Care","Medical Bills & Insurance","Billing & insurance complaints","Free, independent help for New Yorkers on Medicaid who get care at home or mental health care through a plan. Call them when hours are cut, care is refused, or the plan will not answer.","New Yorkers with Medicaid managed long-term care or behavioral health","Varies","Free","Phone; Online","Citywide (all 5 boroughs)","844-614-8800","https://icannys.org/","Statewide","Mon-Fri","Multiple","Yes","denial; appeal; medicaid; long-term-care; home-care; ombudsman","2026-08-25","Independent of your plan. Run by Community Service Society."
"Medicare Rights Center","Medical Bills & Insurance","Medicare help","A free national helpline on anything Medicare: a bill, a denial, a plan that will not cover a drug, or what to do when you are told no.","People with Medicare and their families","Varies","Free","Phone; Online","Citywide (all 5 boroughs)","800-333-4114","https://www.medicarerights.org/","National; based in NYC","Mon-Fri","English; Spanish","Yes","medicare; denial; appeal; insurance; older-adults","2026-08-24",""
"Consumer Financial Protection Bureau — complaint","Medical Bills & Insurance","Medical debt, and your credit report","If a debt collector is chasing you over a medical bill, or a medical debt is wrongly on your credit report, this is where the federal complaint goes. Companies have to answer.","Anyone in the United States","Yes","Free","Online; Phone","Citywide (all 5 boroughs)","855-411-2372","https://www.consumerfinance.gov/complaint/","National","Mon-Fri; online 24/7","180+ languages","Self-serve tool","medical-debt; collections; credit-report; complaint; all-populations","2026-08-25","Medical bills under a certain age generally should not appear on your credit report at all."
"NYC Consumer and Worker Protection — complaint","Medical Bills & Insurance","Billing & insurance complaints","The City investigates debt collectors operating in New York, including ones chasing medical bills. Filing costs nothing and does not require a lawyer.","Anyone in NYC","Yes","Free","Online; Phone; In-person","Citywide (all 5 boroughs)","212-487-4482","https://www.nyc.gov/site/dca/consumers/file-complaint.page","Citywide","Mon-Fri","Multiple","Self-serve tool","medical-debt; collections; complaint; consumer; all-populations; licence","2026-08-25","A debt collector must be licensed by the City. Ask for their license number."
"HIV Uninsured Care Programs (ADAP)","Medical Bills & Insurance","Help paying for medicine","New York State pays for HIV medication, primary care and insurance premiums for people who cannot afford them, whatever their immigration status.","New Yorkers living with HIV","Yes","Free","Phone; Online; Mail","Citywide (all 5 boroughs)","800-542-2437","https://www.health.ny.gov/diseases/aids/general/resources/adap/","Statewide","Mon-Fri","Multiple","Yes","hiv; medication; prescription; insurance; all-populations","2026-08-25",""
"Rx Outreach","Medical Bills & Insurance","Help paying for medicine","A nonprofit mail-order pharmacy selling common prescriptions at a low flat price to people who cannot afford them.","Anyone in the United States who qualifies","Varies","Low-cost","Phone; Online; Mail","Citywide (all 5 boroughs)","888-796-1234","https://rxoutreach.org/","National","Mon-Fri","English; Spanish","Yes","medication; prescription; pharmacy; low-cost","2026-08-25",""
"GoodRx","Medical Bills & Insurance","Help paying for medicine","Free coupons that often cut the cash price of a prescription sharply. Show the coupon at the pharmacy counter; sometimes it beats what your insurance charges.","Anyone","Yes","Free service","Online; App","Citywide (all 5 boroughs)","","https://www.goodrx.com/","National","24/7 online","English; Spanish","Self-serve tool","medication; prescription; discount; pharmacy; all-populations","2026-08-24","A company, not a charity: it is paid by pharmacies when you use a coupon. The discount is real and costs you nothing. Ask the pharmacist to run the coupon price against your insurance price."
"NeedyMeds Patient Assistance Search","Medical Bills & Insurance","Help paying for medicine","A searchable database of every program that helps pay for a specific medicine, plus free discount cards and disease-specific funds.","Anyone","Yes","Free","Online; Phone","Citywide (all 5 boroughs)","800-503-6897","https://www.needymeds.org/pap","National","Mon-Fri; online 24/7","English; Spanish","Self-serve tool","medication; prescription; patient-assistance; database; all-populations","2026-08-24",""
"Mobilization for Justice","Legal & Immigration","Free civil legal help","Free lawyers for people with low incomes. Eviction, benefits that were cut off, disability, debt, mental health rights — and anything that arrives as a letter from a court.","Low-income New Yorkers","Yes","Free","Phone; In-person","Citywide (all 5 boroughs)","212-417-3700","https://mobilizationforjustice.org/","Manhattan office; serves citywide","Mon-Fri","Multiple","Yes","legal; eviction; benefits; debt; disability; consumer","2026-08-25",""
"TakeRoot Justice","Legal & Immigration","Tenant/eviction legal help","Free legal help built around neighborhood organizing: tenants, workers, immigrants and small community groups.","Low-income New Yorkers and community groups","Yes","Free","Phone; In-person","Citywide (all 5 boroughs)","212-810-6744","https://takerootjustice.org/","Citywide","Mon-Fri","Multiple","Yes","legal; tenant; eviction; workers; immigration","2026-08-25",""
"Make the Road New York","Legal & Immigration","Immigrant services","Immigration and workers' rights legal help, English classes, health enrollment and adult education — run by and for immigrant New Yorkers, in Spanish first.","Immigrant and working-class New Yorkers","Yes","Free","Phone; In-person","Brooklyn; Queens; Staten Island","718-418-7690","https://maketheroadny.org/","Bushwick; Jackson Heights; Port Richmond; Long Island","Mon-Fri","Spanish; English","Yes","immigration; legal; workers; esol; health; all-populations","2026-08-25",""
"African Communities Together","Legal & Immigration","Immigrant services","Immigration lawyers, English classes and help signing up for benefits, for African immigrants in New York. Staff speak African languages and French.","African immigrants in New York","Yes","Free","Phone; In-person","Citywide (all 5 boroughs)","347-746-2281","https://africans.us/","Citywide","Mon-Fri","French; English; multiple African languages","Yes","immigration; legal; esol; african; french; all-populations","2026-08-25",""
"CUNY Citizenship Now!","Legal & Immigration","Immigration legal help","Free, confidential immigration legal help from CUNY — citizenship applications, green card renewals, DACA, and screening for anything you may be able to apply for.","Any immigrant New Yorker","Yes","Free","Phone; In-person","Citywide (all 5 boroughs)","646-664-9400","https://www.cuny.edu/about/administration/offices/communications-marketing/citizenship-now/","CUNY campuses citywide","Mon-Fri","Multiple","Yes","immigration; citizenship; daca; green-card; legal; all-populations","2026-08-25","Free and run by a public university. Never pay a notario for this."
"Her Justice","Legal & Immigration","Family & safety legal help","Free family, divorce and immigration lawyers for women with low incomes in New York City. Many clients are survivors of violence; you do not have to be one.","Low-income women in NYC","Yes","Free","Phone; In-person","Citywide (all 5 boroughs)","212-695-3800","https://herjustice.org/","Manhattan; Bronx; Brooklyn","Mon-Fri","Multiple","Yes","legal; family; divorce; custody; immigration; domestic-violence","2026-08-24","By appointment, not walk-in. Most people are referred by a community organization."
"Legal Action Center","Legal & Immigration","Criminal record & discrimination","Free lawyers for people with a criminal record, a history with drugs or drink, or HIV. They handle being turned down for a job or an apartment, sealing a record, and getting treatment paid for.","People with a conviction, an addiction history, or HIV","Varies","Free","Phone; Online","Citywide (all 5 boroughs)","212-243-1313","https://www.lac.org/","New York and national","Mon-Fri","English; Spanish","Yes","legal; criminal-record; discrimination; addiction; hiv; reentry; expungement; expunge; seal my record; clear my record","2026-08-24",""
"The Fortune Society","Reentry & Criminal Record","Reentry services","Housing, jobs, health care, food and legal help for people coming home from jail or prison — and for their families. Walk in without an appointment.","People with a criminal record and their families","Varies","Free","Phone; In-person","Citywide (all 5 boroughs)","212-691-7554","https://fortunesociety.org/","Long Island City; West Harlem","Mon-Fri","English; Spanish","Yes","start-here; reentry; housing; jobs; criminal-record; walk-in","2026-08-25",""
"Osborne Association","Reentry & Criminal Record","Reentry services","Reentry planning, jobs, treatment and family support, including help for children whose parent is inside.","People affected by the criminal legal system","Varies","Free","Phone; In-person","Bronx; Brooklyn; Manhattan","718-707-2600","https://www.osborneny.org/","Bronx; Brooklyn; Manhattan","Mon-Fri","English; Spanish","Yes","reentry; jobs; family; children; criminal-record","2026-08-25",""
"Center for Employment Opportunities (CEO)","Reentry & Criminal Record","Jobs after prison","A paid transitional job starting within days of coming home, plus coaching into permanent work. You are paid from the first week.","People recently released from incarceration","Varies","Free (you are paid)","Phone; In-person","Citywide (all 5 boroughs)","212-422-4430","https://ceoworks.org/","50 Broadway, Manhattan","Mon-Fri","English; Spanish","Yes","reentry; jobs; paid; criminal-record; training; job with a felony; job with a record; work after prison; hiring people with records","2026-08-25",""
"Exodus Transitional Community","Reentry & Criminal Record","Reentry services","Reentry support run by people who have been through it: jobs, housing, mental health, mentoring and food, in East Harlem.","People coming home from incarceration and their families","Varies","Free","Phone; In-person","Manhattan; Bronx","917-492-0990","https://www.etcny.org/","2271 Third Avenue, East Harlem","Mon-Fri","English; Spanish","Yes","reentry; jobs; housing; mentoring; criminal-record","2026-08-25",""
"JASA","Senior Services","Community centers & meals","Meals, older adult centers, home care, housing and free legal help for older New Yorkers. Serves everybody, whatever their religion.","Older New Yorkers","Varies","Free","Phone; In-person","Citywide (all 5 boroughs)","212-273-5200","https://www.jasa.org/","Citywide","Mon-Fri","Multiple","Yes","older-adults; meals; centers; legal; home-care","2026-08-25",""
"Citymeals on Wheels","Senior Services","Meals for homebound seniors","Meals delivered to older New Yorkers who cannot shop or cook, including at weekends and holidays when other programs stop.","Homebound older New Yorkers","Varies","Free","Phone","Citywide (all 5 boroughs)","212-342-9735","https://www.citymeals.org/","Citywide","Mon-Fri","Multiple","Yes","older-adults; meals; homebound; delivered","2026-08-25","Referrals usually go through Aging Connect on 212-244-6469."
"SAGE (LGBTQ+ older adults)","Senior Services","Community centers & meals","Centers, meals, housing help and a national hotline for LGBTQ+ older people — a generation that often has no family to fall back on.","LGBTQ+ older adults","Varies","Free","Phone; In-person","Citywide (all 5 boroughs)","212-741-2247","https://www.sageusa.org/","Citywide","Mon-Fri","Multiple","Yes","older-adults; lgbtq; centers; meals; housing","2026-08-25","The national SAGE hotline is 877-360-5428, answered by trained peers."
"DOROT","Senior Services","Company & at-home visits","Company, deliveries, technology help and someone to talk to, for older New Yorkers living alone.","Older New Yorkers","Varies","Free","Phone; In-person","Manhattan; Bronx","212-769-2850","https://www.dorotusa.org/","Upper West Side and citywide","Mon-Fri","English; Russian; Spanish","Yes","older-adults; company; isolation; visits","2026-08-24",""
"Selfhelp Community Services","Senior Services","Community centers & meals","Home care, older adult centers, affordable housing, and a caseworker who stays with you, with strong Russian and Chinese language services.","Older New Yorkers","Varies","Varies","Phone; In-person","Queens; Manhattan; Brooklyn; Bronx","212-971-7600","https://selfhelp.net/","Citywide","Mon-Fri","Russian; Chinese; English; Spanish","Yes","older-adults; home-care; centers; russian; chinese","2026-08-25",""
"Fountain House","Mental Health & Substance Use","Ongoing mental health support","A place to go every day if serious mental illness has cost you work, study or company — run with members, not for them. Free to join.","Adults living with serious mental illness","Varies","Free","Phone; In-person","Manhattan","212-582-0340","https://www.fountainhouse.org/","West 47th Street, Manhattan","Mon-Fri","English; Spanish","Yes","mental-health; clubhouse; support; community","2026-08-24",""
"The Bridge","Mental Health & Substance Use","Ongoing mental health support","Housing, mental health treatment and substance-use care for New Yorkers who have been homeless or in the hospital system a long time.","Adults with mental health or substance use needs","Varies","Free","Phone; In-person","Citywide (all 5 boroughs)","212-663-3000","https://www.thebridgeny.org/","Citywide","Mon-Fri","Multiple","Yes","mental-health; housing; substance; homeless","2026-08-25",""
"Institute for Community Living (ICL)","Mental Health & Substance Use","Ongoing mental health support","Clinics, crisis respite, housing and family support across the city for people living with mental illness.","New Yorkers with mental health needs","Varies","Free","Phone; In-person","Citywide (all 5 boroughs)","844-425-4673","https://iclinc.org/","Citywide","Mon-Fri","Multiple","Yes","mental-health; clinic; housing; family; crisis","2026-08-25",""
"OnPoint NYC","Mental Health & Substance Use","Overdose prevention","Harm reduction in East Harlem and Washington Heights: free naloxone, drug checking, supervised consumption, wound care, showers and a way into treatment when you want it. No judgment, no police.","Anyone who uses drugs","Yes","Free","Phone; In-person","Manhattan","212-828-8464","https://onpointnyc.org/","East Harlem; Washington Heights","Vary by site","English; Spanish","Yes","overdose; naloxone; harm-reduction; drugs; all-populations","2026-08-25",""
"Day One","Domestic & Gender-Based Violence","Young people & dating abuse","Free help for young people under 24 in abusive or controlling relationships — counseling, a lawyer, and help at school.","Young people up to 24 in NYC","Yes","Free","Phone; Text; In-person","Citywide (all 5 boroughs)","800-214-4150","https://dayoneny.org/","Citywide","Mon-Fri","English; Spanish","Yes","dating-abuse; youth; legal; counseling; domestic-violence","2026-08-25",""
"Arab-American Family Support Center","Domestic & Gender-Based Violence","Help for Arab and South Asian survivors","Counseling, legal help, and safety planning in Arabic, Urdu, Bengali and other languages, for survivors and for families under strain.","Immigrant and refugee families in NYC","Yes","Free","Phone; In-person","Brooklyn; Queens; Manhattan; Bronx","718-508-1220","https://aafscny.org/","Citywide","Mon-Fri","Arabic; Urdu; Bengali; French; English; Spanish","Yes","domestic-violence; arabic; urdu; bengali; immigration; family; all-populations","2026-08-25",""
"Barrier Free Living / Freedom House","Domestic & Gender-Based Violence","Shelter for disabled survivors","The domestic-violence shelter and services built for survivors with disabilities — wheelchair accessible, and staffed by people who sign.","Survivors of abuse, with or without disabilities","Yes","Free","Phone; Chat; In-person","Citywide (all 5 boroughs)","212-400-6470","https://www.bflnyc.org/","Manhattan","Mon-Fri; hotline hours vary","English; Spanish; ASL","Yes","domestic-violence; shelter; disability; deaf; accessible; all-populations; wheelchair","2026-08-24",""
"Rising Ground / STEPS to End Family Violence","Domestic & Gender-Based Violence","Counseling and lawyers for survivors","Counseling, legal help and support groups for survivors of family violence, including people who were criminalised for surviving it.","Survivors of family violence in NYC","Yes","Free","Phone; In-person","Citywide (all 5 boroughs)","212-602-5800","https://www.risingground.org/","Citywide","Mon-Fri","English; Spanish","Yes","domestic-violence; counseling; legal; family","2026-08-25",""
"Sylvia Rivera Law Project","Legal & Immigration","Trans & gender-nonconforming legal help","Free legal help for transgender, intersex and gender-nonconforming New Yorkers with low incomes: name changes, IDs, immigration, prison, benefits.","Low-income trans, intersex and gender-nonconforming people","Yes","Free","Phone; In-person","Citywide (all 5 boroughs)","212-337-8550","https://srlp.org/","Manhattan","Mon-Fri","English; Spanish","Yes","legal; trans; lgbtq; name-change; id; immigration; all-populations","2026-08-25",""
"Hetrick-Martin Institute","Youth & Family","LGBTQ youth services","After-school programs, meals, counseling, health care and job help for LGBTQ+ young people, in a building where they are safe.","LGBTQ+ young people roughly 13 to 24","Yes","Free","Phone; In-person","Manhattan; Newark","212-674-2400","https://hmi.org/","Astor Place, Manhattan","After school; Mon-Fri","English; Spanish","Yes","lgbtq; youth; after-school; meals; counseling; all-populations","2026-08-24",""
"New Alternatives for LGBT Homeless Youth","Youth & Family","LGBTQ youth shelter & meals","Sunday dinners, a caseworker, clothing and help finding housing for LGBTQ young people who are homeless.","Homeless LGBTQ+ young people","Yes","Free","Phone; In-person","Manhattan","718-902-7653","https://www.newalternativesnyc.org/","Manhattan","Sundays; by appointment","English; Spanish","Yes","lgbtq; youth; homeless; meals; clothing; all-populations","2026-08-25",""
"Good Shepherd Services","Youth & Family","Everything for young people, in one place","After-school, foster care prevention, family counseling and youth housing across Brooklyn and the Bronx.","Young people and families in NYC","Varies","Free","Phone; In-person","Brooklyn; Bronx; Manhattan","212-243-7070","https://goodshepherds.org/","Brooklyn; Bronx","Mon-Fri","English; Spanish","Yes","youth; family; after-school; housing; counseling","2026-08-25",""
"Sun River Health","Healthcare","Community health centers","A large network of community health centers. Family doctors, dentists, mental health care and HIV care, whatever your papers say, and the price depends on what you earn.","Anyone","Yes","Sliding scale","Phone; In-person","Bronx; Manhattan; Brooklyn; Queens","844-400-1975","https://www.sunriver.org/","Multiple sites","Mon-Fri; some Saturdays","Multiple","Yes","clinic; fqhc; dental; primary-care; sliding-scale; all-populations","2026-08-25",""
"Morris Heights Health Center","Healthcare","Community health centers","Primary care, dental, women's health, pediatrics and behavioral health in the Bronx, at a price based on what you earn.","Anyone","Yes","Sliding scale","Phone; In-person","Bronx","718-716-4400","https://www.mhhc.org/","Bronx","Mon-Fri; some Saturdays","English; Spanish","Yes","clinic; fqhc; bronx; dental; pediatrics; sliding-scale; all-populations","2026-08-25",""
"BMS Family Health Centers","Healthcare","Community health centers","Brownsville and East New York community health centers: primary care, dental, behavioral health and pediatrics.","Anyone","Yes","Sliding scale","Phone; In-person","Brooklyn","718-345-5000","https://bmsfamilyhealth.org/","Brooklyn","Mon-Fri; some Saturdays","English; Spanish","Yes","clinic; fqhc; brooklyn; dental; pediatrics; sliding-scale; all-populations","2026-08-25",""
"ODA Primary Health Care Network","Healthcare","Community health centers","Community health centers in Williamsburg and beyond: primary care, women's health, pediatrics, dental and behavioral health.","Anyone","Yes","Sliding scale","Phone; In-person","Brooklyn; Manhattan","718-260-4600","https://odahealth.org/","Brooklyn","Mon-Fri","English; Spanish; Yiddish; Russian","Yes","clinic; fqhc; brooklyn; yiddish; pediatrics; sliding-scale; all-populations","2026-08-25",""
"Settlement Health","Healthcare","Community health centers","East Harlem community health center: primary care, dental, women's health, pediatrics and behavioral health at a price based on what you earn.","Anyone","Yes","Sliding scale","Phone; In-person","Manhattan","212-360-2600","https://settlementhealth.org/","East Harlem","Mon-Fri","English; Spanish","Yes","clinic; fqhc; manhattan; dental; pediatrics; sliding-scale; all-populations","2026-08-25",""
"Union Community Health Center","Healthcare","Community health centers","Bronx community health center with primary care, dental, urgent care, women's health and pediatrics.","Anyone","Yes","Sliding scale","Phone; In-person","Bronx","718-220-2020","https://uchcbronx.org/","Bronx","Mon-Fri; Saturdays","English; Spanish","Yes","clinic; fqhc; bronx; dental; urgent-care; pediatrics; sliding-scale; all-populations","2026-08-25",""
"Betances Health Center","Healthcare","Community health centers","Lower East Side community health center: primary care, dental, acupuncture, behavioral health, at a price based on what you earn.","Anyone","Yes","Sliding scale","Phone; In-person","Manhattan","212-227-8401","https://www.betances.org/","Lower East Side","Mon-Fri","English; Spanish; Chinese","Yes","clinic; fqhc; manhattan; dental; sliding-scale; all-populations","2026-08-25",""
"Apicha Community Health Center","Healthcare","Community health center — Asian and LGBTQ+ communities","Primary care, HIV care and gender-affirming care, built for Asian, Pacific Islander and LGBTQ+ New Yorkers but open to everyone.","Anyone","Yes","Sliding scale","Phone; In-person","Manhattan; Queens","866-274-2429","https://www.apicha.org/","Chinatown; Jackson Heights","Mon-Fri","Multiple Asian languages; English; Spanish","Yes","clinic; fqhc; lgbtq; hiv; asian; trans; sliding-scale; all-populations","2026-08-25",""
"Project Renewal","Healthcare","Care for homeless New Yorkers","Medical vans, clinics, shelter, detox and job training for New Yorkers who are homeless. The vans go to where people are.","New Yorkers experiencing homelessness","Yes","Free","Phone; In-person","Citywide (all 5 boroughs)","212-620-0340","https://www.projectrenewal.org/","Citywide","Mon-Fri","English; Spanish","Yes","clinic; homeless; shelter; detox; jobs; all-populations","2026-08-25",""
"Care For the Homeless","Healthcare","Care for homeless New Yorkers","Clinics inside shelters and drop-in centers — primary care, mental health and dental — for people with nowhere to live.","New Yorkers experiencing homelessness","Yes","Free","Phone; In-person","Citywide (all 5 boroughs)","718-943-1341","https://careforthehomeless.org/","Citywide","Mon-Fri","English; Spanish","Yes","clinic; homeless; dental; mental-health; all-populations","2026-08-25",""
"SUNY College of Optometry — University Eye Center","Healthcare","Eyes & glasses","Low-cost eye exams and glasses at the state optometry school in Manhattan. Students are supervised by faculty.","Anyone","Varies","Low-cost","Phone; In-person","Manhattan","212-938-4000","https://www.sunyopt.edu/patient-care/","33rd Street, Manhattan","Mon-Sat","English; Spanish","Yes","vision; eye; glasses; low-cost; optometry","2026-08-25",""
"Dental Lifeline Network — New York","Healthcare","Low-cost dental","Volunteer dentists who treat people with disabilities, older adults, and people who are medically fragile, at no charge. Waiting lists are long; apply anyway.","People with disabilities, adults 65+, or medically fragile","Varies","Free","Online; Phone","Citywide (all 5 boroughs)","303-534-5360","https://dentallifeline.org/","National; New York program","Mon-Fri","English; Spanish","Yes","dental; dentist; disability; older-adults; free","2026-08-25","Not for emergencies. For a toothache today, a dental school clinic or a community health center is faster."
"City Harvest Mobile Markets","Food & Nutrition","Free food locator","Free fresh produce handed out at set times and places around the city. No sign-up, no papers, no questions.","Anyone","Yes","Free","In-person; Online","Citywide (all 5 boroughs)","646-412-0600","https://www.cityharvest.org/","Citywide","Vary by site","Multiple","Self-serve tool","food; produce; pantry; free; all-populations; no-paperwork","2026-08-25",""
"Met Council","Food & Nutrition","Pantry & meals","The largest kosher food network in the city, plus help with benefits, help with rent you have fallen behind on, and services for Holocaust survivors. Serves anyone in need.","Anyone in need","Yes","Free","Phone; In-person","Citywide (all 5 boroughs)","212-453-9500","https://metcouncil.org/","Citywide","Mon-Fri","English; Russian; Spanish; Yiddish; Hebrew","Yes","food; pantry; kosher; benefits; rent; all-populations","2026-08-25",""
"The Campaign Against Hunger","Food & Nutrition","A pantry where you choose your own food","A supermarket-style pantry in Bed-Stuy where you choose your own food, plus SNAP help and a farm.","Anyone in need","Yes","Free","Phone; In-person","Brooklyn","718-773-3551","https://www.tcahnyc.org/","Bedford-Stuyvesant","Vary by site","English; Spanish","Yes","food; pantry; brooklyn; snap; all-populations","2026-08-25",""
"Part of the Solution (POTS)","Food & Nutrition","Pantry & meals","A Bronx hub: hot meals, a choice pantry, showers, a legal clinic, a mailing address, and benefits help — all in one building.","Anyone in need","Yes","Free","Phone; In-person","Bronx","718-220-4892","https://potsbronx.org/","2759 Webster Avenue, Bronx","Mon-Fri","English; Spanish","Yes","food; pantry; meals; legal; shower; bronx; all-populations","2026-08-24","Call and leave a message with your name and number to register for the pantry."
"La Jornada","Food & Nutrition","Pantry & meals","One of the largest food pantries in Queens, plus help applying for benefits, in Spanish, Chinese and English.","Anyone in need","Yes","Free","Phone; In-person","Queens","347-527-1379","https://lajornadany.org/","Flushing, Queens","Vary by site","Spanish; Chinese; English","Yes","food; pantry; queens; snap; spanish; chinese; all-populations","2026-08-25",""
"Xavier Mission","Food & Nutrition","Soup kitchen & pantry","A Sunday soup kitchen, a choice pantry, free clothing and a benefits clinic in Chelsea.","Anyone in need","Yes","Free","Phone; In-person","Manhattan","212-627-2100","https://xaviermission.org/","West 16th Street, Manhattan","Vary by program","English; Spanish","Yes","food; soup-kitchen; pantry; clothing; manhattan; all-populations","2026-08-25",""
"Neighbors Together","Food & Nutrition","Soup kitchen & pantry","Hot meals six days a week in Brownsville and Ocean Hill, plus a caseworker, and help fighting an eviction or a benefits cut.","Anyone in need","Yes","Free","Phone; In-person","Brooklyn","718-498-7256","https://neighborstogether.org/","Brooklyn","Six days a week","English; Spanish","Yes","food; soup-kitchen; meals; brooklyn; benefits; all-populations","2026-08-25",""
"Grand Street Settlement","Multi-Service / Navigation","One place that does many things","A settlement house on the Lower East Side and in Brooklyn: food, early childhood, older adult services, youth programs and benefits help under one roof.","Anyone in the neighborhood","Yes","Free","Phone; In-person","Manhattan; Brooklyn","212-674-1740","https://grandsettlement.org/","Lower East Side; Brooklyn","Mon-Fri","English; Spanish; Chinese","Yes","start-here; food; youth; older-adults; benefits; all-populations","2026-08-25",""
"Henry Street Settlement","Multi-Service / Navigation","One place that does many things","One of the oldest settlement houses in the country: shelter, mental health care, job training, older adult services and arts, on the Lower East Side.","Anyone in the neighborhood","Yes","Free","Phone; In-person","Manhattan","212-766-9200","https://www.henrystreet.org/","265 Henry Street, Manhattan","Mon-Fri","English; Spanish; Chinese","Yes","start-here; shelter; mental-health; jobs; older-adults; all-populations","2026-08-24",""
"Per Scholas","Employment & Workforce","Job search & training","Free technology training — support desk, cybersecurity, cloud — with job placement afterwards. No tuition, no degree needed.","Adults with low incomes","Varies","Free","Phone; Online; In-person","Bronx; Brooklyn","718-991-8400","https://perscholas.org/","Bronx; Brooklyn","Mon-Fri","English; Spanish","Yes","job-training; technology; free; career","2026-08-25",""
"NPower","Employment & Workforce","Job search & training","Free technology training and paid internships for young adults and military veterans.","Young adults and veterans","Varies","Free","Online; In-person","Citywide (all 5 boroughs)","212-378-1521","https://www.npower.org/","Citywide","Mon-Fri","English","Yes","job-training; technology; veterans; youth; free","2026-08-24",""
"STRIVE","Employment & Workforce","Job search & training","Free job training and lifelong placement support, built for people the labor market has written off — including people with a record.","Adults facing barriers to work","Varies","Free","Phone; In-person","Citywide (all 5 boroughs)","212-360-1100","https://strive.org/","East Harlem","Mon-Fri","English; Spanish","Yes","job-training; career; reentry; criminal-record; free","2026-08-25",""
"The HOPE Program","Employment & Workforce","Job search & training","Free training and placement in green construction, building maintenance and other trades, for adults with low incomes.","Adults with low incomes","Varies","Free","Phone; In-person","Brooklyn; Bronx","646-400-5292","https://www.thehopeprogram.org/","Brooklyn; Bronx","Mon-Fri","English; Spanish","Yes","job-training; construction; green-jobs; career; free","2026-08-25",""
"Hot Bread Kitchen","Employment & Workforce","Job search & training","Free culinary training and job placement, built for immigrant women and women of color.","Women and gender-expansive people with low incomes","Yes","Free","Phone; Online; In-person","Citywide (all 5 boroughs)","212-540-9070","https://hotbreadkitchen.org/","Manhattan","Mon-Fri","English; Spanish","Yes","job-training; culinary; women; immigrant; free; all-populations","2026-08-25",""
"Grace Institute","Employment & Workforce","Job search & training","Free office and administrative training for women, with job placement, running for over a century.","Women with low incomes","Varies","Free","Phone; In-person","Citywide (all 5 boroughs)","212-832-7605","https://graceinstitute.org/","Manhattan","Mon-Fri","English; Spanish","Yes","job-training; women; office; career; free","2026-08-25",""
"Bottomless Closet","Clothing & Supplies","Clothes for a job interview","A free interview outfit, plus coaching, for women going for a job. By appointment, usually through a referral.","Women in NYC preparing for work","Varies","Free","Phone; In-person","Citywide (all 5 boroughs)","212-563-2499","https://bottomlesscloset.org/","Manhattan","Mon-Fri","English; Spanish","Yes","clothing; interview; work; women; free","2026-08-25",""
"Career Gear","Clothing & Supplies","Clothes for a job interview","A free suit and interview coaching for men going for a job, and support after they are hired.","Men in NYC preparing for work","Varies","Free","Phone; In-person","Citywide (all 5 boroughs)","212-577-6190","https://www.careergear.org/","Manhattan","Mon-Fri","English; Spanish","Yes","clothing; interview; work; men; free","2026-08-25",""
"Room to Grow","Clothing & Supplies","Baby & children's gear","Clothes, a stroller, a crib, books and coaching for parents of babies born into low-income families, every few months for the first few years.","Parents of babies, referred by a partner program","Varies","Free","Phone; In-person","Citywide (all 5 boroughs)","212-620-7800","https://www.roomtogrow.org/","Manhattan","Mon-Fri","English; Spanish","Yes","baby; children; clothing; crib; stroller; free","2026-08-25","Enrollment is usually during pregnancy, through a hospital or a community program."
"National Human Trafficking Hotline","Domestic & Gender-Based Violence","Trafficking hotline","If someone is controlling your work, your papers, your money or where you sleep, this line is answered any hour, in any language, and does not need your name.","Anyone","Yes","Free","Phone; Text; Chat","Citywide (all 5 boroughs)","888-373-7888","https://humantraffickinghotline.org/","National","24/7","200+ languages","Yes","trafficking; 24-7; hotline; anonymous; all-populations; labor; they took my passport; someone is holding my papers; i cannot leave my job; forced to work","2026-08-25","Text 233733. They are not immigration enforcement and do not report you."
"Restore NYC","Domestic & Gender-Based Violence","Trafficking survivor services","Housing, counseling, jobs and legal help for survivors of trafficking in New York City.","Survivors of human trafficking","Yes","Free","Phone; In-person","Citywide (all 5 boroughs)","212-840-8484","https://restorenyc.org/","Citywide","Mon-Fri","Multiple","Yes","trafficking; housing; legal; jobs; all-populations","2026-08-25",""
"Sakhi for South Asian Survivors","Domestic & Gender-Based Violence","Help for South Asian survivors","Counseling, legal help, money for emergencies and safety planning for South Asian survivors, in South Asian languages.","South Asian survivors of violence in NYC","Yes","Free","Phone; Text; In-person","Citywide (all 5 boroughs)","212-868-6741","https://sakhi.org/","Citywide","Mon-Fri","Hindi; Urdu; Bengali; Punjabi; Nepali; English","Yes","domestic-violence; south-asian; bengali; urdu; hindi; legal; all-populations","2026-08-25",""
"Garden of Hope","Domestic & Gender-Based Violence","Help for Chinese-speaking survivors","A 24-hour hotline, shelter and counseling for Chinese-speaking survivors of domestic violence and sexual assault.","Chinese-speaking survivors in NYC","Yes","Free","Phone; In-person","Queens; Manhattan; Brooklyn","877-990-8595","https://www.gohny.org/","Flushing, Queens","24/7 hotline","Mandarin; Cantonese; English","Yes","domestic-violence; chinese; mandarin; cantonese; 24-7; shelter; all-populations","2026-08-25",""
"Crime Victims Treatment Center","Domestic & Gender-Based Violence","Counseling for survivors","Free trauma therapy, acupuncture, yoga and legal advocacy for survivors of sexual assault and domestic violence. No insurance needed.","Survivors of violence in NYC","Yes","Free","Phone; In-person","Manhattan; Bronx","212-523-4728","https://www.cvtcnyc.org/","Manhattan; Bronx","Mon-Fri","English; Spanish","Yes","counseling; therapy; sexual-assault; domestic-violence; free; all-populations","2026-08-25",""
"Mount Sinai SAVI","Domestic & Gender-Based Violence","Sexual assault response","Free, confidential counseling and an advocate who will meet you at the hospital after a sexual assault or an incident of violence.","Survivors of sexual assault or violence","Yes","Free","Phone; In-person","Manhattan; Queens; Brooklyn","212-423-2140","https://www.mountsinai.org/patient-care/service-areas/community-medicine/sexual-assault-and-violence-intervention-program-savi","Mount Sinai hospitals","Mon-Fri; hospital response 24/7","English; Spanish","Yes","sexual-assault; counseling; hospital; advocate; all-populations","2026-08-24","For an urgent situation at any hour, call 800-621-4673."
"NYS Office of Victim Services","Domestic & Gender-Based Violence","Victim compensation","New York State can reimburse a victim of crime for medical bills, counseling, lost wages, funeral costs, moving costs and property that was taken.","Victims of crime in New York State and their families","Varies","Free to apply","Phone; Online; Mail","Citywide (all 5 boroughs)","800-247-8035","https://ovs.ny.gov/","Statewide","Mon-Fri","Multiple","Yes","victim; compensation; medical-bills; counseling; crime","2026-08-24","You do not need to have pressed charges to apply. A victim-assistance program can help you file."
"WIN (Women In Need)","Housing & Shelter","Family shelter & housing","The largest provider of shelter for families with children in the city, plus childcare, job help and permanent housing afterwards.","Families with children experiencing homelessness","Yes","Free","Phone; In-person","Citywide (all 5 boroughs)","212-695-4758","https://winnyc.org/","Citywide","Mon-Fri","English; Spanish","Yes","shelter; families; children; housing; all-populations","2026-08-25","For a shelter placement tonight, go to PATH at 151 East 151st Street in the Bronx, open 24 hours."
"BronxWorks","Housing & Shelter","Homeless services","A Bronx organization that does almost everything. Shelter, stopping an eviction, food, benefits, immigration help, older adult centers and youth programs.","Anyone in the Bronx","Yes","Free","Phone; In-person","Bronx","646-393-4000","https://bronxworks.org/","Bronx","Mon-Fri","English; Spanish","Yes","start-here; shelter; eviction; food; benefits; bronx; all-populations","2026-08-25",""
"CAMBA","Housing & Shelter","Homeless services","Brooklyn-based and citywide: shelter, free housing lawyers, immigration legal help, HIV services, job training and food.","Anyone in NYC","Yes","Free","Phone; In-person","Brooklyn; Citywide (all 5 boroughs)","718-287-2600","https://camba.org/","Brooklyn and citywide","Mon-Fri","Multiple","Yes","start-here; shelter; legal; eviction; immigration; brooklyn; all-populations","2026-08-24",""
"Bowery Residents' Committee (BRC)","Housing & Shelter","Street homeless outreach","Outreach to people sleeping on the street, plus shelter, detox, mental health treatment and permanent housing.","New Yorkers experiencing homelessness","Yes","Free","Phone; In-person","Citywide (all 5 boroughs)","212-803-5700","https://www.brc.org/","Citywide","24/7 outreach","English; Spanish","Yes","street; outreach; shelter; detox; mental-health; all-populations; sleeping on the train; sleeping on the subway; sleeping outside","2026-08-25","To get outreach sent to somebody sleeping outside, call 311 and ask for the Homeless Outreach team."
"Urban Pathways","Housing & Shelter","Street homeless outreach","Drop-in centers, safe havens and permanent housing for single adults who have been on the street a long time.","Single adults experiencing homelessness","Yes","Free","Phone; In-person","Citywide (all 5 boroughs)","212-736-7385","https://urbanpathways.org/","Citywide","Vary by site","English; Spanish","Yes","street; outreach; drop-in; housing; all-populations; sleeping on the train; sleeping outside","2026-08-25",""
"Legal Hand","Legal & Immigration","Free legal information","Neighborhood storefronts where trained volunteers help with housing, benefits, family and immigration questions before they become a court case. Walk in, no appointment, no lawyer needed.","Anyone","Yes","Free","In-person; Online","Brooklyn; Bronx; Queens","","https://www.legalhand.org/","Brownsville; Crown Heights; Jamaica; Bronx","Vary by site","English; Spanish","Yes","legal; walk-in; housing; benefits; family; immigration; all-populations","2026-08-25","Volunteers give information, not legal advice, and refer on to a lawyer when one is needed."
"JustFix","Housing & Shelter","Tools for tenants","Free tools for tenants: look up who really owns your building, send your landlord a formal repair letter that creates a record, and see your building's complaint history.","Tenants in NYC","Yes","Free","Online","Citywide (all 5 boroughs)","","https://www.justfix.org/","Online","24/7 online","English; Spanish","Self-serve tool","tenant; repairs; landlord; eviction; records; all-populations","2026-08-25",""
"NYS Department of Veterans' Services","Veterans","Help claiming veteran benefits","State benefit advisors who file VA claims for you, free, and find state benefits most veterans never hear about.","Veterans and their families in New York State","Varies","Free","Phone; In-person","Citywide (all 5 boroughs)","888-838-7697","https://veterans.ny.gov/","Statewide","Mon-Fri","Multiple","Yes","veterans; benefits; claims; navigation","2026-08-24","Never pay anyone to file a VA claim."
"Vet Center (Readjustment Counseling)","Veterans","Veteran counseling","Free confidential counseling for combat veterans and their families, outside the VA hospital system and not written into your VA medical record.","Combat veterans, and survivors of military sexual trauma, and their families","Varies","Free","Phone; In-person","Citywide (all 5 boroughs)","877-927-8387","https://www.vetcenter.va.gov/","Brooklyn; Bronx; Queens; Manhattan; Staten Island","Mon-Fri; some evenings","English; Spanish","Yes","veterans; counseling; ptsd; confidential; 24-7","2026-08-25","The call center is answered any hour by another veteran."
"Black Veterans for Social Justice","Veterans","Where veterans start","Housing, benefits, jobs and a caseworker, for veterans in Brooklyn and citywide, whatever their discharge status.","Veterans and their families","Varies","Free","Phone; In-person","Brooklyn; Citywide (all 5 boroughs)","718-852-6004","https://bvsj.org/","665 Willoughby Avenue, Brooklyn","Mon-Fri","English; Spanish","Yes","veterans; housing; benefits; jobs","2026-08-25",""
"Samaritan Daytop Village","Mental Health & Substance Use","Addiction treatment","Treatment for drinking and drug use, plus shelter, veterans' services and health care, across the city.","Anyone","Yes","Free","Phone; In-person","Citywide (all 5 boroughs)","855-322-4357","https://www.samaritanvillage.org/","Citywide","24/7 admissions line","English; Spanish","Yes","addiction; treatment; substance; detox; veterans; shelter; all-populations","2026-08-25",""
"Dress for Success Greater NYC","Clothing & Supplies","Clothes for a job interview","A free interview outfit and styling appointment for women going for a job, plus a career support network afterwards.","Women in NYC preparing for work","Varies","Free","Phone; In-person","Citywide (all 5 boroughs)","646-233-4959","https://newyork.dressforsuccess.org/","32 East 31st Street, Manhattan","Mon-Fri; styling Tue-Thu","English; Spanish","Yes","clothing; interview; work; women; free","2026-08-25",""
"YourPeer NYC","Multi-Service / Navigation","One place that does many things","A directory of drop-in centers, showers, food, clothing and health care, written with people who have used them and kept current.","Anyone","Yes","Free","Online","Citywide (all 5 boroughs)","","https://yourpeer.nyc/","Online","24/7 online","English; Spanish","Self-serve tool","start-here; directory; search; homeless; shower; food; all-populations","2026-08-25",""
"New York Public Library — help at the branch","Multi-Service / Navigation","Walk in and ask","Any branch will let you use a computer and a printer for free, and larger branches have social workers and free classes. No card needed to walk in and ask.","Anyone","Yes","Free","In-person; Phone; Online","Manhattan; Bronx; Staten Island","917-275-6975","https://www.nypl.org/","Branches across three boroughs","Vary by branch","Multiple","Yes","start-here; computer; printer; classes; walk-in; all-populations; wifi; internet; free wifi; print; email","2026-08-24","Brooklyn and Queens have their own library systems, and they do the same."
"Project Hospitality","Multi-Service / Navigation","One place that does many things","Staten Island's one-stop: food, shelter, health care, immigration and legal help, benefits applications, and help getting insurance, in one organization.","Anyone on Staten Island","Yes","Free","Phone; In-person","Staten Island","718-448-1544","https://projecthospitality.org/","100 Park Avenue, Staten Island","Mon-Fri","English; Spanish","Yes","start-here; food; shelter; legal; immigration; benefits; staten-island; all-populations; also:food; also:housing; also:legal; also:doctor","2026-08-24","Help Centers at 211 Canal Street (718-448-3470) and 221 Port Richmond Avenue (646-417-1204)."
"Community Health Center of Richmond","Healthcare","Community health centers","Staten Island's community health center: primary care, dental, behavioral health and women's health, at a price based on what you earn, papers or no papers.","Anyone","Yes","Sliding scale","Phone; In-person","Staten Island","718-924-2254","https://chcrichmond.org/","Staten Island","Mon-Fri; some Saturdays","English; Spanish","Yes","clinic; fqhc; staten-island; dental; sliding-scale; all-populations","2026-08-25","A provider answers the phone at any hour."
"Mayor's Office for People with Disabilities","Disability","One call, about disability","The City office for disabled New Yorkers, and a good place to start. Accessible housing, getting around, benefits, a change you need at work, or a City service that is not accessible.","New Yorkers with disabilities","Yes","Free","Phone; Online; Email","Citywide (all 5 boroughs)","212-788-2830","https://www.nyc.gov/site/mopd/index.page","Citywide","Mon-Fri","Multiple; ASL","Yes","start-here; disability; accessible; benefits; referral; all-populations; wheelchair; accommodation; deaf; blind","2026-08-25",""
"CIDNY (Center for Independence of the Disabled, NY)","Disability","Disability benefits help","Free help for New Yorkers with disabilities: applying for and keeping benefits, health insurance problems, housing, and fighting a service that has been cut.","New Yorkers with disabilities","Yes","Free","Phone; Online; In-person","Manhattan; Queens; Bronx; Brooklyn; Staten Island","212-674-2300","https://www.cidny.org/","Manhattan; Queens","Mon-Fri","English; Spanish; ASL","Yes","disability; benefits; ssi; medicaid; housing; independent-living; all-populations; wheelchair; accommodation; ssdi","2026-08-25",""
"Brooklyn Center for Independence of the Disabled","Disability","Disability benefits help","Benefits help, housing advocacy, peer support and independent-living skills for disabled Brooklynites.","People with disabilities in Brooklyn","Yes","Free","Phone; In-person","Brooklyn","718-998-3000","https://www.bcid.org/","Brooklyn","Mon-Fri","English; Spanish; ASL","Yes","disability; benefits; housing; brooklyn; independent-living; all-populations; wheelchair; accommodation","2026-08-25",""
"Lighthouse Guild","Disability","Blind & low vision","Eye care, low-vision rehabilitation, and practical help for New Yorkers who are blind or losing their sight — including a free national helpline.","People who are blind or have low vision","Varies","Varies","Phone; In-person","Citywide (all 5 boroughs)","800-284-4422","https://lighthouseguild.org/","Manhattan","Mon-Fri","English; Spanish","Yes","vision; eye care; blind; low-vision; disability","2026-08-25",""
"Helen Keller Services","Disability","Blind, deaf & deaf-blind","Vision and hearing rehabilitation, job training and independent-living support for people who are blind, deaf-blind, or have low vision.","People who are blind, deaf-blind or have low vision","Varies","Varies","Phone; In-person","Brooklyn; Citywide (all 5 boroughs)","718-522-2122","https://www.helenkeller.org/","Brooklyn","Mon-Fri","English; Spanish; ASL","Yes","vision; hearing; blind; deaf; disability; job-training","2026-08-25",""
"Ronald McDonald House New York","Housing & Shelter","Somewhere to stay during treatment","A free place to stay in Manhattan for families whose child is being treated for cancer or another serious illness, however long the treatment takes.","Families of children in treatment","Varies","Free","Phone; Online","Manhattan","212-639-0100","https://www.rmh-newyork.org/","405 East 73rd Street, Manhattan","24/7","Multiple","Yes","lodging; children; cancer; treatment; family; free","2026-08-24","Referrals usually come from the hospital's social worker. Ask yours."
"American Cancer Society Hope Lodge — New York City","Housing & Shelter","Somewhere to stay during treatment","A free room in Manhattan for adults in cancer treatment who live too far to travel each day, and for one caregiver with them.","Adults in active cancer treatment who live far from it","Varies","Free","Phone","Manhattan","800-227-2345","https://www.cancer.org/support-programs-and-services/patient-lodging/hope-lodge.html","132 West 32nd Street, Manhattan","24/7 phone line","Multiple","Yes","lodging; cancer; treatment; free; 24-7","2026-08-25","The same number arranges free rides to treatment through Road To Recovery, where volunteers drive."
"Red Door Community (formerly Gilda's Club NYC)","Mental Health & Substance Use","Support for cancer & serious illness","Free support groups, counseling, workshops and a place to be, for anyone touched by cancer — the person with it and the people around them.","Anyone affected by cancer","Yes","Free","Phone; Online; In-person","Citywide (all 5 boroughs)","212-647-9700","https://reddoorcommunity.org/","Manhattan","Mon-Fri; evening programs","English; Spanish","Yes","cancer; counseling; support-group; free; all-populations","2026-08-25","Formerly Gilda's Club New York City. Nothing costs anything and there is no membership fee."
"Union Settlement","Multi-Service / Navigation","One place that does many things","East Harlem's settlement house: childcare, older adult centers, job training, food and benefits help, in one place.","Anyone in East Harlem","Yes","Free","Phone; In-person","Manhattan","212-828-6000","https://www.unionsettlement.org/","East Harlem","Mon-Fri","English; Spanish","Yes","start-here; childcare; older-adults; jobs; food; all-populations","2026-08-25",""
"Cypress Hills Local Development Corporation","Multi-Service / Navigation","One place that does many things","East New York and Cypress Hills: housing and eviction help, youth programs, adult education, and benefits navigation.","Anyone in the neighborhood","Yes","Free","Phone; In-person","Brooklyn","718-647-2800","https://www.cypresshills.org/","East New York, Brooklyn","Mon-Fri","English; Spanish","Yes","start-here; housing; eviction; youth; education; brooklyn; all-populations","2026-08-25",""
"Goddard Riverside","Multi-Service / Navigation","One place that does many things","Upper West Side and citywide: street homeless outreach, older adult services, a food pantry, legal help and college access.","Anyone","Yes","Free","Phone; In-person","Manhattan","212-873-6600","https://goddard.org/","Upper West Side, Manhattan","Mon-Fri","English; Spanish","Yes","start-here; homeless; older-adults; food; legal; all-populations","2026-08-25",""
"Lutheran Social Services of New York","Multi-Service / Navigation","One place that does many things","Immigration legal help, food, a caseworker after a fire or a flood and support for older adults across the city. Serves everybody, whatever their religion.","Anyone","Yes","Free","Phone; In-person","Citywide (all 5 boroughs)","212-870-1100","https://lssny.org/","Citywide","Mon-Fri","English; Spanish","Yes","start-here; immigration; food; older-adults; legal; all-populations","2026-08-25",""
"Children's Aid","Youth & Family","Everything for young people, in one place","Health centers, early childhood, after-school, foster care prevention and college access, across the Bronx, Manhattan and Staten Island.","Children and families in NYC","Yes","Free","Phone; In-person","Bronx; Manhattan; Staten Island","212-949-4800","https://www.childrensaidnyc.org/","Citywide","Mon-Fri","English; Spanish","Yes","youth; family; health; after-school; childcare; all-populations","2026-08-25",""
"The New York Foundling","Youth & Family","Family support","Foster care prevention, developmental disability services, mental health care and support for families under strain.","Children and families in NYC","Yes","Free","Phone; In-person","Citywide (all 5 boroughs)","212-633-9300","https://www.nyfoundling.org/","Citywide","Mon-Fri","English; Spanish","Yes","family; foster-care; disability; mental-health; children; autism; developmental disability; special education","2026-08-25",""
"The Bronx Defenders","Legal & Immigration","Free lawyers, from criminal to housing","Free lawyers for Bronx residents in criminal, family, immigration and housing court. Social workers work alongside them on the benefits, the job and the housing that a case puts at risk.","Bronx residents facing a case","Yes","Free","Phone; In-person","Bronx","718-838-7878","https://www.bronxdefenders.org/","360 East 161st Street, Bronx","Mon-Fri","Multiple","Yes","legal; criminal; family; immigration; housing; bronx; all-populations; acs; family defense; they want to take my kids; family court","2026-08-25","You do not have to be charged with anything to use their civil, immigration or family teams."
"Brooklyn Defender Services","Legal & Immigration","Free lawyers, from criminal to housing","Free lawyers for Brooklyn residents in criminal, family, immigration and housing cases. Social workers work alongside them, on the rest of what a case wrecks.","Brooklyn residents facing a case","Yes","Free","Phone; In-person","Brooklyn","718-254-0700","https://bds.org/","177 Livingston Street, Brooklyn","Mon-Fri","Multiple","Yes","legal; criminal; family; immigration; housing; brooklyn; all-populations; acs; family defense; they want to take my kids; family court","2026-08-25",""
"Neighborhood Defender Service of Harlem","Legal & Immigration","Free lawyers, from criminal to housing","Free lawyers in Harlem for criminal, family, housing and immigration matters, working as one team around a household rather than one case.","Northern Manhattan residents","Yes","Free","Phone; In-person","Manhattan","212-876-5500","https://neighborhooddefender.org/","317 Lenox Avenue, Harlem","Mon-Fri","Multiple","Yes","legal; criminal; family; immigration; housing; harlem; all-populations; acs; family defense; family court","2026-08-25",""
"Youth Represent","Legal & Immigration","Legal help for young people with records","Free lawyers for New Yorkers under about 26 who have been arrested or convicted — school, jobs, housing, immigration consequences, and sealing a record.","Young New Yorkers affected by the criminal legal system","Yes","Free","Phone; In-person","Citywide (all 5 boroughs)","646-759-8080","https://youthrepresent.org/","Manhattan","Mon-Fri","English; Spanish","Yes","legal; youth; criminal record; sealing; school; all-populations; expungement; expunge; seal my record","2026-08-25",""
"GOSO (Getting Out and Staying Out)","Reentry & Criminal Record","Jobs after prison","Education, jobs, therapy and a caseworker for young men coming out of Rikers or state prison. It starts while they are still inside and carries on afterwards.","Young men affected by incarceration","Varies","Free","Phone; In-person","Manhattan; Citywide (all 5 boroughs)","212-831-5020","https://www.gosonyc.org/","East Harlem","Mon-Fri","English; Spanish","Yes","reentry; jobs; education; therapy; young-men; criminal-record","2026-08-25",""
"College & Community Fellowship","Reentry & Criminal Record","College after a conviction","Helps women with conviction histories get into and through college — advising, tuition help, and a community of people who have done it.","Women with conviction histories","Varies","Free","Phone; In-person","Citywide (all 5 boroughs)","646-380-7777","https://www.collegeandcommunity.org/","Manhattan","Mon-Fri","English; Spanish","Yes","reentry; college; education; women; criminal-record","2026-08-24",""
"The Doe Fund — Ready, Willing & Able","Reentry & Criminal Record","Work and housing after prison","A paid job, a bed, and a caseworker from the day somebody comes home. You work, you are housed, and you save toward your own place.","Men coming out of prison or off the street","Varies","Free (you are paid)","Phone; In-person","Manhattan; Brooklyn; Queens","212-628-5207","https://www.doe.org/","Harlem; Brooklyn","Mon-Fri","English; Spanish","Yes","reentry; jobs; paid; housing; criminal-record; homeless","2026-08-25",""
"Center for Justice Innovation","Reentry & Criminal Record","Community courts & alternatives","Neighborhood justice centers that offer help instead of a jail sentence — treatment, housing, jobs, and open community services anybody can use.","Anyone in the neighborhoods served","Yes","Free","Phone; In-person","Brooklyn; Manhattan; Bronx; Queens; Staten Island","646-386-3100","https://www.innovatingjustice.org/","Red Hook; Brownsville; Midtown; Harlem","Mon-Fri","English; Spanish","Yes","reentry; criminal record; treatment; housing; jobs; all-populations","2026-08-24","The community services at these centers are open to neighbors, not only to people with a case."
"NYLAG Veterans Practice","Veterans","Veteran legal help","Free lawyers for veterans: discharge upgrades, denied VA benefits, eviction, consumer debt and family matters.","Veterans and their families in NYC","Varies","Free","Phone; In-person","Citywide (all 5 boroughs)","212-613-5000","https://nylag.org/veterans-rights/","Manhattan","Mon-Fri","English; Spanish","Yes","veterans; legal; benefits; discharge; eviction","2026-08-25",""
"Volunteers of America — Greater New York","Housing & Shelter","Veteran & family housing","Housing for veterans, for families, and for people leaving a shelter, with a caseworker attached to it. Across all five boroughs.","Veterans, families and single adults who are homeless","Yes","Free","Phone; In-person","Citywide (all 5 boroughs)","212-873-2600","https://www.voa-gny.org/","Citywide","Mon-Fri","English; Spanish","Yes","veterans; housing; shelter; families; all-populations","2026-08-25",""
"Road To Recovery (American Cancer Society)","Transportation","Rides to medical care","Volunteer drivers who take you to cancer treatment and home again, free. Call several days before the appointment.","People traveling to cancer treatment","Varies","Free","Phone","Citywide (all 5 boroughs)","800-227-2345","https://www.cancer.org/support-programs-and-services/road-to-recovery.html","National","24/7 phone line","Multiple","Yes","transport; ride; cancer; treatment; free; 24-7; travelling","2026-08-25","The same number can also arrange free lodging near treatment."
"NYC Worker Rights (DCWP)","Employment & Workforce","Your rights at work","The City enforces paid sick leave, fair scheduling, and freelance contracts. If your employer broke one of those rules, this is where the free complaint goes — whatever your immigration status.","Anyone who works in NYC","Yes","Free","Phone; Online","Citywide (all 5 boroughs)","311","https://www.nyc.gov/site/dca/workers/worker-rights.page","Citywide","Mon-Fri","Multiple","Yes","workers rights; wages; unpaid wages; wage theft; sick leave; freelance; work; employment; complaint; all-populations; my boss didnt pay me; boss wont pay me; boss stole my pay","2026-08-25","Your immigration status does not affect your right to be paid for work you did."
"NYS Department of Labor — unpaid wages","Employment & Workforce","Your rights at work","New York State investigates unpaid wages, unpaid overtime, and being paid less than the minimum. Filing is free, does not need a lawyer, and does not ask about immigration status.","Anyone who worked in New York State","Yes","Free","Phone; Online; Mail","Citywide (all 5 boroughs)","888-469-7365","https://dol.ny.gov/labor-standards-0","Statewide","Mon-Fri","Multiple","Yes","workers rights; wages; unpaid wages; wage theft; overtime; minimum wage; employment; work; all-populations; my boss didnt pay me; boss wont pay me","2026-08-24",""
"NYS Attorney General — Labor Bureau","Employment & Workforce","Your rights at work","The state Attorney General takes cases of stolen wages, employers who misclassify workers, and retaliation for speaking up.","Anyone who worked in New York State","Yes","Free","Phone; Online","Citywide (all 5 boroughs)","800-771-7755","https://ag.ny.gov/resources/individuals/workers-rights","Statewide","Mon-Fri","Multiple","Yes","workers rights; wages; unpaid wages; wage theft; retaliation; employment; work; all-populations","2026-08-25",""
"NYC Commission on Human Rights","Legal & Immigration","Discrimination","If you were refused a job, an apartment, or service because of who you are, the City investigates. That covers race, religion, disability, immigration status, pregnancy, gender, and having a criminal record.","Anyone in NYC","Yes","Free","Phone; Online; In-person","Citywide (all 5 boroughs)","212-416-0197 (complaints: 718-722-3131)","https://www.nyc.gov/site/cchr/index.page","Citywide","Mon-Fri","Multiple","Yes","discrimination; housing; job; disability; immigration status; criminal record; pregnancy; legal; complaint; all-populations","2026-08-25","Refusing to rent to somebody because of a criminal record or a housing voucher is against the law here."
"NYC Abortion Access Hub","Healthcare","Reproductive & sexual health","The City's confidential line for anyone who needs an abortion: where to go, what it costs, and help paying for it. It does not matter whether you live in New York or have insurance or papers.","Anyone, from anywhere","Yes","Free","Phone; Online","Citywide (all 5 boroughs)","877-692-2482","https://www.nyc.gov/site/doh/health/health-topics/abortion.page","Citywide","Mon-Fri","Multiple","Yes","abortion; reproductive; pregnancy; confidential; sexual health; all-populations; no-status","2026-08-25","Confidential. Abortion is legal in New York, and this line does not ask where you live."
"American Red Cross Greater New York","Benefits & Financial Assistance","After a fire or a flood","If a fire, flood or building collapse has put you out of your home, the Red Cross comes the same day with somewhere to sleep, money for immediate needs, and help replacing what was lost.","Anyone affected by a home fire or disaster","Yes","Free","Phone; In-person","Citywide (all 5 boroughs)","877-733-2767","https://www.redcross.org/local/new-york/greater-new-york.html","Citywide","24/7","Multiple","Yes","fire; flood; disaster; emergency; lost everything; burned; displaced; shelter; 24-7; all-populations","2026-08-25","Also replaces prescriptions, glasses and documents lost in the fire."
"HRA Burial Assistance","Benefits & Financial Assistance","After a death in the family","New York City helps with the cost of a burial or cremation when a family cannot pay for one. Apply after the death; you do not have to have arranged anything yet.","Families in NYC who cannot afford a funeral","Varies","Free to apply","Phone; Online; Mail","Citywide (all 5 boroughs)","212-447-2030 (or 718-557-1399)","https://www.nyc.gov/site/hra/help/burial-assistance.page","Citywide","Mon-Fri","Multiple","Yes","funeral; burial; cremation; death; money; grief","2026-08-25","The state's crime victim office can also pay funeral costs when somebody died because of a crime."
"Mayor's Office to Prevent Gun Violence","Domestic & Gender-Based Violence","After a shooting","Neighborhood teams who step in before violence happens, and who stay with families afterwards. Counseling, help paying for a funeral, safety planning, and somebody to handle the paperwork nobody warns you about.","New Yorkers affected by gun violence","Yes","Free","Phone; In-person","Citywide (all 5 boroughs)","311","https://www.nyc.gov/site/peacenyc/index.page","Citywide","Mon-Fri","English; Spanish","Yes","gun violence; shooting; violence; crisis management; grief; safety; all-populations","2026-08-25",""
"Queens Community House","Multi-Service / Navigation","One place that does many things","Queens-wide: food, older adult centers, youth programs, housing and eviction help, benefits, and immigration services, in one organization.","Anyone in Queens","Yes","Free","Phone; In-person","Queens","718-592-5757","https://www.qchnyc.org/","Queens","Mon-Fri","English; Spanish; Chinese; Korean; Bengali","Yes","start-here; food; older-adults; youth; housing; eviction; benefits; queens; all-populations","2026-08-25",""
"MinKwon Center for Community Action","Legal & Immigration","Immigrant services","Immigration legal help, benefits enrollment and tenant support for Korean and other immigrant New Yorkers, in Korean.","Korean and other immigrant New Yorkers","Yes","Free","Phone; In-person","Queens; Citywide (all 5 boroughs)","718-460-5600","https://www.minkwon.org/","Flushing, Queens","Mon-Fri","Korean; English; Spanish","Yes","immigration; legal; korean; benefits; tenant; queens; all-populations","2026-08-25",""
"Korean Community Services of Metropolitan New York","Multi-Service / Navigation","One place that does many things","Health care, older adult services, mental health, benefits enrollment and immigration help for Korean-speaking New Yorkers.","Korean-speaking New Yorkers and their neighbors","Yes","Free","Phone; In-person","Queens; Citywide (all 5 boroughs)","718-939-6137","https://www.kcsny.org/","Queens","Mon-Fri","Korean; English","Yes","start-here; korean; health; older-adults; mental-health; benefits; queens; all-populations","2026-08-25",""
"Catholic Migration Services","Legal & Immigration","Immigration legal help","Free immigration lawyers, tenant defense and workers' rights help in Brooklyn and Queens. Serves everybody, whatever their religion.","Immigrant New Yorkers","Yes","Free","Phone; In-person","Brooklyn; Queens","718-236-3000","https://catholicmigration.org/","Brooklyn; Queens","Mon-Fri","Spanish; English; Haitian Creole; Polish","Yes","immigration; legal; tenant; workers rights; eviction; queens; brooklyn; all-populations","2026-08-25",""
"DRUM — Desis Rising Up & Moving","Legal & Immigration","Immigrant services","Immigration legal help, workers' rights and organizing for South Asian and Indo-Caribbean New Yorkers, in South Asian languages.","South Asian and Indo-Caribbean New Yorkers","Yes","Free","Phone; In-person","Queens","718-205-3036","https://www.drumnyc.org/","Jackson Heights, Queens","Mon-Fri","Bengali; Hindi; Urdu; Nepali; English","Yes","immigration; legal; workers rights; bengali; urdu; hindi; south asian; queens; all-populations","2026-08-25",""
"Chhaya CDC","Housing & Shelter","Housing help for South Asian communities","Housing counseling, tenant rights, foreclosure help and financial counseling for South Asian and Indo-Caribbean New Yorkers.","South Asian and Indo-Caribbean New Yorkers","Yes","Free","Phone; In-person","Queens","718-478-3848","https://chhayacdc.org/","Jackson Heights, Queens","Mon-Fri","Bengali; Hindi; Urdu; Nepali; English","Yes","housing; tenant; eviction; foreclosure; bengali; urdu; south asian; queens; all-populations","2026-08-25",""
"Adhikaar","Employment & Workforce","Your rights at work","Workers' rights, immigration help, health navigation and English classes for Nepali-speaking New Yorkers, especially home attendants and nail-salon workers.","Nepali-speaking New Yorkers","Yes","Free","Phone; In-person","Queens; Citywide (all 5 boroughs)","718-937-1117","https://www.adhikaar.org/","Woodside, Queens","Mon-Fri","Nepali; English","Yes","workers rights; wages; immigration; nepali; health; esol; queens; all-populations","2026-08-25",""
"Council of Peoples Organization (COPO)","Multi-Service / Navigation","One place that does many things","Immigration help, benefits sign-up, health services, and the biggest halal food pantry in Brooklyn, for South Asian and Muslim New Yorkers and anyone else who comes.","South Asian and Muslim New Yorkers","Yes","Free","Phone; In-person","Brooklyn","718-434-3266","https://copo.org/","Midwood, Brooklyn","Mon-Fri","Urdu; Bengali; Arabic; English","Yes","start-here; immigration; benefits; food; halal; pantry; muslim; south-asian; urdu; bengali; arabic; brooklyn; all-populations; also:food; also:legal","2026-08-25",""
"Damayan Migrant Workers Association","Employment & Workforce","Your rights at work","Help for Filipino domestic workers facing unpaid wages, trafficking or abuse by an employer, in Tagalog.","Filipino migrant workers","Yes","Free","Phone; In-person","Citywide (all 5 boroughs)","212-564-6057","https://www.damayanmigrants.org/","Manhattan","Mon-Fri","Tagalog; English","Yes","workers rights; wages; trafficking; domestic workers; filipino; tagalog; all-populations","2026-08-25",""
"CAAAV Organizing Asian Communities","Housing & Shelter","Tenant help for Asian communities","Tenant organizing and eviction defense for working-class Asian New Yorkers in Chinatown and the Bronx, in Chinese and Bengali.","Asian immigrant tenants","Yes","Free","Phone; In-person","Manhattan; Bronx","212-473-6485","https://caaav.org/","Chinatown; Bronx","Mon-Fri","Mandarin; Cantonese; Bengali; English","Yes","tenant; eviction; housing; chinese; bengali; asian; all-populations","2026-08-25",""
"Mekong NYC","Multi-Service / Navigation","One place that does many things","Mental health, benefits, immigration and youth programs for Southeast Asian New Yorkers in the Bronx, in Vietnamese and Khmer.","Southeast Asian New Yorkers","Yes","Free","Phone; In-person","Bronx","347-918-9220","https://mekongnyc.org/","Bronx","Mon-Fri","Vietnamese; Khmer; English","Yes","start-here; mental-health; benefits; immigration; vietnamese; bronx; all-populations","2026-08-25",""
"Asian Americans for Equality (AAFE)","Housing & Shelter","Affordable housing & tenant help","Affordable housing, tenant help, small-business support and homeowner counseling, in Chinese, Korean and Spanish.","Anyone, with a focus on Asian immigrant New Yorkers","Yes","Free","Phone; In-person","Manhattan; Queens; Brooklyn","212-979-8381","https://www.aafe.org/","Chinatown; Flushing","Mon-Fri","Mandarin; Cantonese; Korean; Spanish; English","Yes","housing; tenant; affordable; homeowner; chinese; korean; all-populations","2026-08-25",""
"University Settlement","Multi-Service / Navigation","One place that does many things","Lower East Side and Brooklyn: early childhood, mental health, older adult services, food and benefits, going back over a century.","Anyone in the neighborhood","Yes","Free","Phone; In-person","Manhattan; Brooklyn","212-453-4500","https://www.universitysettlement.org/","Lower East Side; Brooklyn","Mon-Fri","English; Spanish; Chinese","Yes","start-here; childcare; mental-health; older-adults; food; all-populations","2026-08-25",""
"Educational Alliance","Multi-Service / Navigation","One place that does many things","Lower East Side: early childhood, addiction treatment, older adult centers, arts and job help.","Anyone in the neighborhood","Yes","Free","Phone; In-person","Manhattan","646-395-4280","https://edalliance.org/","Lower East Side, Manhattan","Mon-Fri","English; Spanish; Chinese","Yes","start-here; childcare; addiction; older-adults; jobs; all-populations","2026-08-25",""
"St. Nicks Alliance","Housing & Shelter","Tenant help & eviction prevention","North Brooklyn: tenant and eviction help, affordable housing, job training, older adult services and youth programs.","Anyone in North Brooklyn","Yes","Free","Phone; In-person","Brooklyn","718-388-5454","https://stnicksalliance.org/","Williamsburg; Greenpoint; Bushwick","Mon-Fri","English; Spanish; Polish","Yes","tenant; eviction; housing; jobs; older-adults; brooklyn; polish; all-populations","2026-08-25",""
"Brooklyn Community Services","Multi-Service / Navigation","One place that does many things","Brooklyn-wide: mental health treatment, youth programs, job training and family support.","Anyone in Brooklyn","Yes","Free","Phone; In-person","Brooklyn","718-310-5600","https://wearebcs.org/","Brooklyn","Mon-Fri","English; Spanish","Yes","start-here; mental-health; youth; jobs; family; brooklyn; all-populations","2026-08-25",""
"RiseBoro Community Partnership","Multi-Service / Navigation","One place that does many things","Bushwick and beyond: housing, older adult services, health care, food and youth programs.","Anyone in the neighborhood","Yes","Free","Phone; In-person","Brooklyn; Queens","718-366-3800","https://riseboro.org/","Bushwick, Brooklyn","Mon-Fri","English; Spanish","Yes","start-here; housing; older-adults; health; food; brooklyn; all-populations","2026-08-25",""
"Comunilife","Mental Health & Substance Use","Ongoing mental health support","Housing and mental health care for Latino New Yorkers and others living with mental illness or HIV, in Spanish.","Adults with mental health or housing needs","Yes","Free","Phone; In-person","Bronx; Manhattan; Brooklyn; Queens","212-219-1618","https://comunilife.org/","Citywide","Mon-Fri","Spanish; English","Yes","mental-health; housing; hiv; latino; spanish; all-populations","2026-08-25",""
"NYS Hospital Complaint Line","Medical Bills & Insurance","Billing & insurance complaints","If a hospital, clinic or dialysis center treated you badly, refused you care, or will not deal with a bill, the state investigates. Free, and you do not need a lawyer.","Anyone treated at a hospital or clinic in New York State","Yes","Free","Phone; Online; Mail","Citywide (all 5 boroughs)","800-804-5447","https://profiles.health.ny.gov/hospital/pages/complaints","Statewide","Mon-Fri","Multiple","Yes","hospital; complaint; medical bills; care; refused; state; all-populations","2026-08-25","Complaining does not affect your right to care, and it does not go on any immigration record."
"Look up your hospital (NYS Health Profiles)","Medical Bills & Insurance","Hospital bill assistance","Every hospital in New York has to publish its financial-assistance policy. This is the state's directory: find your hospital, then ask its financial counselor for that policy by name.","Anyone with a bill from a New York hospital","Yes","Free","Online","Citywide (all 5 boroughs)","","https://profiles.health.ny.gov/hospital/","Statewide","24/7 online","English; Spanish","Self-serve tool","hospital bill; charity care; financial assistance; policy; look up; all-populations","2026-08-25","Ask for the hospital's financial assistance application. Every hospital has one and has to give it to you."
"NYS Consumer Health Care Helplines","Medical Bills & Insurance","Health insurance help","One page listing every state helpline for a health problem you cannot solve alone — managed care complaints, nursing homes, home care, hospital care, and coverage.","Anyone in New York State","Yes","Free","Phone; Online","Citywide (all 5 boroughs)","866-712-7197","https://www.health.ny.gov/health_care/consumer_information/","Statewide","Mon-Fri","Multiple","Self-serve tool","complaint; managed care; insurance; nursing home; home care; helpline","2026-08-25","The managed care complaint line, 1-800-206-8125, is the one to use when a health plan denies or delays care."
"Bronx Independent Living Services","Disability","Disability benefits help","Benefits help, housing advocacy, peer support and independent-living skills for disabled Bronx residents, run mostly by disabled people.","People with disabilities in the Bronx","Yes","Free","Phone; In-person","Bronx","718-515-2800","https://bils.org/","Bronx","Mon-Fri","English; Spanish; ASL","Yes","disability; benefits; housing; bronx; independent-living; wheelchair; all-populations","2026-08-25",""
"Harlem Independent Living Center","Disability","Disability benefits help","Independent-living services, benefits help and advocacy in Northern Manhattan, run mostly by disabled people.","People with disabilities in Northern Manhattan","Yes","Free","Phone; In-person","Manhattan","212-222-7122","https://www.hilc.org/","289 St. Nicholas Avenue, Harlem","Mon-Fri","English; Spanish; ASL","Yes","disability; benefits; housing; harlem; independent-living; wheelchair; all-populations","2026-08-25",""
"Staten Island Center for Independent Living","Disability","Disability benefits help","Staten Island's disability service center, staffed and run mostly by disabled people. Benefits, housing, equipment and advice on living independently.","People with disabilities on Staten Island","Yes","Free","Phone; In-person","Staten Island","718-720-9016","https://www.siciliving.org/","Staten Island","Mon-Fri","English; Spanish; ASL","Yes","disability; benefits; housing; staten-island; independent-living; wheelchair; all-populations","2026-08-25",""
"Disability Rights New York","Disability","Disability legal help","Free lawyers for when a disabled person's rights are broken — at school, at work, in housing, in a facility, or in getting a service they are owed. The state pays for this.","People with disabilities in New York State","Yes","Free","Phone; Online","Citywide (all 5 boroughs)","800-993-8982","https://www.drny.org/","Statewide","Mon-Fri","English; Spanish; ASL","Yes","disability; legal; rights; discrimination; school; special education; all-populations","2026-08-25",""
"NYLPI Disability Justice","Disability","Disability legal help","Free lawyers for disabled New Yorkers on access to health care, accessible housing, service animals, and being shut out of a public service.","Disabled New Yorkers with low incomes","Yes","Free","Phone; In-person","Citywide (all 5 boroughs)","212-244-4664","https://www.nylpi.org/contact/","151 West 30th Street, Manhattan","Mon-Fri","English; Spanish","Yes","disability; legal; health care; housing; access; discrimination; all-populations","2026-08-25",""
"AHRC New York City","Disability","Developmental disability services","Support across a whole life for people with intellectual and developmental disabilities, and for their families. Day programs, jobs, housing, health care and family support.","People with intellectual or developmental disabilities","Varies","Varies","Phone; In-person","Citywide (all 5 boroughs)","212-780-2500","https://www.ahrcnyc.org/","83 Maiden Lane, Manhattan","Mon-Fri","English; Spanish; Chinese","Yes","disability; developmental; intellectual; autism; family; jobs; housing","2026-08-25","Intake is 212-780-4491."
"INCLUDEnyc","Disability","Children with disabilities","A free help line for families of young people with disabilities, from birth to 26 — what services exist, how to ask a school for them, and what to do when you are told no.","Families of young people with disabilities in NYC","Yes","Free","Phone; Online; In-person","Citywide (all 5 boroughs)","212-677-4660","https://includenyc.org/","Citywide","Mon-Fri","English; Spanish","Yes","disability; children; special education; iep; autism; school; family; all-populations","2026-08-25","Independent of the Department of Education, which is why they will tell you what to ask for."
"Women's Prison Association","Reentry & Criminal Record","Women coming home","Housing, jobs and help getting your children back, for women who have been through the courts or jail. The oldest organization of its kind in the country.","Women affected by the criminal legal system","Varies","Free","Phone; In-person","Citywide (all 5 boroughs)","646-292-7740","https://www.wpaonline.org/","Manhattan","Mon-Fri","English; Spanish","Yes","reentry; women; housing; jobs; family; criminal record","2026-08-25",""
"Veterans Justice Outreach","Veterans","Veterans in the justice system","For a veteran arrested, in court, or coming out of jail: VA staff who get them treatment and benefits instead of a sentence where that is possible.","Veterans in contact with the criminal legal system","Varies","Free","Phone","Citywide (all 5 boroughs)","877-424-3838","https://department.va.gov/homeless/veterans-justice-programs/veterans-justice-outreach/","National","24/7","Multiple","Yes","veterans; criminal record; reentry; court; treatment; 24-7","2026-08-25",""
"NYC Aging Transportation","Transportation","Rides for older adults","Rides to medical appointments, shopping and older adult centers, arranged through the City's programs for people over 60.","New Yorkers 60 and older","Yes","Free","Phone","Citywide (all 5 boroughs)","212-244-6469","https://www.nyc.gov/site/dfta/services/transportation.page","Citywide","Mon-Fri","Multiple; 240+ by phone interpreter","Yes","transport; ride; older-adults; medical; shopping; all-populations","2026-08-25",""
"Postpartum depression help (NYC Health)","Mental Health & Substance Use","Pregnancy & new parents","If having a baby has left you frightened, flat, unable to sleep or unable to feel anything, that is common and it is treatable. The City's page says where to go, and 988 answers any hour.","Pregnant and new parents in NYC","Yes","Free","Phone; Online","Citywide (all 5 boroughs)","988","https://www.nyc.gov/site/doh/health/health-topics/post-partum-depression.page","Citywide","24/7 by phone","Multiple","Yes","postpartum; depression; pregnancy; new parent; maternal; mental health; baby blues; 24-7; all-populations","2026-08-25","The national maternal mental health line is 833-852-6262, answered by phone or text at any hour."
"Carter Burden Network","Senior Services","Community centers & meals","Older adult centers, meals, food brought to your door, a caseworker, and health programs on the Upper East Side and in East Harlem.","Older New Yorkers","Yes","Free","Phone; In-person","Manhattan","212-203-3541","https://www.carterburdennetwork.org/","Manhattan","Mon-Fri","English; Spanish","Yes","older-adults; meals; centers; case-management; manhattan","2026-08-25",""
"Search and Care","Senior Services","Company & at-home help","A caseworker, company, and practical help at home for older New Yorkers on the Upper East Side who live alone.","Older New Yorkers living alone","Yes","Free","Phone; In-person","Manhattan","212-289-5300","https://www.searchandcare.org/","Manhattan","Mon-Fri","English; Spanish","Yes","older-adults; isolation; case-management; home; manhattan","2026-08-25",""
"Sunnyside Community Services","Multi-Service / Navigation","One place that does many things","Queens: older adult center and home care, childcare, youth programs, adult education, and benefits help.","Anyone in Queens","Yes","Free","Phone; In-person","Queens","718-784-6173","https://scsny.org/","Sunnyside, Queens","Mon-Fri","English; Spanish; Chinese","Yes","start-here; older-adults; childcare; youth; education; queens; all-populations","2026-08-25",""
"PSS (Presbyterian Senior Services)","Senior Services","Community centers & meals","Older adult centers, programs for grandparents raising grandchildren, and a caseworker in the Bronx and Manhattan. Serves everybody, whatever their religion.","Older New Yorkers and grandparents raising grandchildren","Yes","Free","Phone; In-person","Bronx; Manhattan","212-874-6633","https://pssusa.org/","Bronx; Manhattan","Mon-Fri","English; Spanish","Yes","older-adults; centers; grandparents; kinship; bronx; all-populations","2026-08-25",""
"VNS Health","Senior Services","Care at home","Home health care, hospice and community mental health across the city, including for people on Medicaid and Medicare.","Anyone needing care at home","Varies","Varies","Phone; In-person","Citywide (all 5 boroughs)","800-675-0391","https://www.vnshealth.org/","Citywide","24/7 intake","Multiple","Yes","home care; older-adults; hospice; mental health; medicaid; 24-7","2026-08-25",""
"Housing Court Help Center","Legal & Immigration","Tenant/eviction legal help","Every borough's housing court has a walk-in help center staffed by lawyers who will look at your papers and tell you what to do — free, no appointment, whether or not you have a case yet.","Anyone with a housing court matter in NYC","Yes","Free","In-person; Phone","Citywide (all 5 boroughs)","311","https://www.nycourts.gov/new-york-city-civil-court/nyc-civil-court-help-center-services","Each borough's housing court","Court hours, Mon-Fri","Multiple; court interpreters","Yes","eviction; tenant; housing court; walk-in; lawyer; papers; all-populations","2026-08-25","Go before your first court date if you can. Ask 311 for the Tenant Helpline for advice by phone."
"Con Edison payment help","Benefits & Financial Assistance","Utility/heating help","If you cannot pay the electric or gas bill, Con Edison has to offer a payment agreement, and it cannot shut off a household with certain protections. Call before it is shut off — it is far easier than after.","Con Edison customers","Yes","Free","Phone; Online","Citywide (all 5 boroughs)","800-752-6633","https://www.coned.com/en/accounts-billing/payment-plans-assistance","Citywide","Mon-Fri","Multiple","Self-serve tool","utility; con ed; electric; gas; shut off; payment plan; arrears; all-populations","2026-08-25","Tell them if somebody in the home is elderly, disabled, or has a medical condition — that changes what they may do."
"NYC Water Board — payment help (DEP)","Benefits & Financial Assistance","Utility/heating help","Payment agreements and hardship help for a water and sewer bill you cannot pay. Mostly for homeowners, since renters rarely get the bill.","NYC property owners","Yes","Free","Phone; Online","Citywide (all 5 boroughs)","718-595-7000","https://www.nyc.gov/site/dep/index.page","Citywide","Mon-Fri","Multiple","Self-serve tool","utility; water; sewer; bill; payment plan; homeowner; all-populations","2026-08-25",""
"Know Your Rights with ICE","Legal & Immigration","Know your rights","What actually happens if immigration agents come to your door, your workplace, or stop you in the street — what they may and may not do, and what to say. Printable cards in several languages.","Anyone","Yes","Free","Online; Phone","Citywide (all 5 boroughs)","212-725-6422","https://www.immigrantdefenseproject.org/know-your-rights-with-ice/","Citywide","24/7 online","English; Spanish; Chinese; Arabic; multiple","Yes","immigration; ice; know your rights; raid; detained; arrest; all-populations","2026-08-25","You do not have to open the door without a warrant signed by a judge, and you do not have to answer questions."
"Safe Passage Project","Legal & Immigration","Immigration legal help for children","Free lawyers for immigrant and refugee children facing deportation. Children with a lawyer win their cases far more often than children without one.","Immigrant young people under 21 in NYC and Long Island","Yes","Free","Phone; Online","Citywide (all 5 boroughs)","917-768-8440","https://www.safepassageproject.org/get-legal-help/","185 West Broadway, Manhattan","Mon-Fri","English; Spanish; multiple","Yes","immigration; children; youth; deportation; asylum; legal; all-populations","2026-08-25","New York City requests now go through the ICARE referral program, which matches a young person to whichever organization has capacity. Safe Passage says so on its own page; call them and they will point you there."
"Asylum Seeker Resources (MOIA)","Legal & Immigration","Newly arrived immigrants","For people who have arrived recently: where the City's navigation centers are, what they offer, and how to start on shelter, school, work permission and a lawyer.","Newly arrived immigrants and asylum seekers","Yes","Free","Online; In-person; Phone","Citywide (all 5 boroughs)","800-354-0365","https://www.nyc.gov/site/immigrants/legal-resources/asylum-seeker-resources.page","Citywide","Vary by site","Multiple","Yes","immigration; asylum; newly arrived; shelter; school; work permit; all-populations","2026-08-25","The City does not share this information with immigration enforcement."
"National Grid payment help","Benefits & Financial Assistance","Utility/heating help","For gas in Brooklyn, Queens and Staten Island: payment plans, forgiveness of what you already owe, and rules that stop a shut-off. Call before the notice runs out.","National Grid customers","Yes","Free","Phone; Online","Brooklyn; Queens; Staten Island","718-643-4050","https://www.nationalgridus.com/NY-Home/Bill-Help/","Brooklyn; Queens; Staten Island","Mon-Fri","Multiple","Self-serve tool","utility; gas; national grid; shut off; payment plan; arrears; all-populations","2026-08-25","Say if somebody in the home is elderly, disabled, or has a medical condition — that changes what they may do."
"The LGBT Community Center","Multi-Service / Navigation","One place that does many things","The Center in the West Village. Recovery groups, mental health care, family and parenthood support, HIV services, legal clinics and somewhere to be, seven days a week.","LGBTQ+ New Yorkers and their families","Yes","Free","Phone; In-person","Manhattan","212-620-7310","https://gaycenter.org/","208 West 13th Street, Manhattan","Mon-Sat 8am-10pm; Sun 8am-8pm","English; Spanish","Yes","start-here; lgbtq; recovery; mental health; family; hiv; legal; all-populations","2026-08-25",""
"Birth certificates and other records (NYC Health)","Multi-Service / Navigation","Getting an ID card","How to replace a birth or death certificate. You need one for almost everything else — a job, an apartment, a benefits application, an ID.","Anyone born in New York City","Yes","Low-cost","Online; Phone; Mail; In-person","Citywide (all 5 boroughs)","311","https://www.nyc.gov/site/doh/services/birth-death-records-ordering.page","125 Worth Street, Manhattan","Mon-Fri; online any time","Multiple","Self-serve tool","birth certificate; records; id; papers; documents; all-populations","2026-08-25","If you need one urgently for housing, health coverage, work or a government service, call 311 and say so — there is a faster route."
"CUNY ASAP","Employment & Workforce","Finishing a degree","Free tuition help, a MetroCard, free textbooks and an adviser who stays with you, for students at a CUNY community college. Students in it finish at roughly twice the rate.","CUNY community college students","Varies","Free","Online; In-person","Citywide (all 5 boroughs)","","https://www.cuny.edu/about/administration/offices/student-success-initiatives/asap/","CUNY campuses citywide","Mon-Fri","English; Spanish","Yes","college; school; degree; tuition; metrocard; cuny; adviser","2026-08-25","You join through your own CUNY campus. Ask the ASAP office there, or ask any adviser to point you at it."
"New York VA Regional Benefit Office","Veterans","Help claiming veteran benefits","Where a VA claim is decided — disability compensation, pensions, education, home loans. Free help filing, and free help appealing a decision you think is wrong.","Veterans and their families","Varies","Free","Phone; In-person","Citywide (all 5 boroughs)","800-827-1000","https://www.va.gov/new-york-va-regional-benefit-office/","245 West Houston Street, Manhattan","Mon-Fri","Multiple","Yes","veterans; benefits; claim; disability; pension; appeal","2026-08-25","Never pay anyone to file a VA claim. A state or City veteran services officer does it free."
"Community Health Action of Staten Island (CHASI)","Multi-Service / Navigation","One place that does many things","A pantry you can walk into four days a week, plus health care, help with drug use, and the borough's Family Justice Center. Nothing at the pantry costs anything and nobody asks what you earn.","Anyone on Staten Island","Yes","Free","Phone; In-person; Walk-in","Staten Island","718-808-1300","https://chasiny.org/","26 Bay Street, 4th Floor, Staten Island; pantry at 2134 Richmond Terrace","Pantry: Tue 10am-2pm, Wed 2pm-6pm, Fri 10am-2pm, Sat 10am-2pm","English; Spanish","Yes","start-here; food; health; harm-reduction; domestic-violence; staten-island; all-populations; also:food; also:doctor; also:crisis; also:safety","2026-08-25","Mobile pantry visits over thirty Staten Island neighborhoods four days a week; their page says you do not need to call ahead. Also runs the Pride Center (718-808-1360) and the Staten Island Family Justice Center (718-808-1330)."
"Pride Center of Staten Island","Multi-Service / Navigation","One place that does many things","A place on Staten Island for LGBTQ people of any age: someone to talk to, groups that meet, help with health care and benefits, and support if you have been harassed.","LGBTQ people of any age on Staten Island","Yes","Free","Phone; In-person","Staten Island","718-808-1360","https://pridecentersi.org/","66 Willow Avenue, Staten Island","Mon-Fri","English; Spanish","Yes","lgbtq; mental-health; benefits; staten-island; youth; also:crisis","2026-08-25","Part of CHASI. Number confirmed on the CHASI locations page."
"JCC of Staten Island Food Pantry","Food & Nutrition","Pantries and groceries","A free pantry on Staten Island where you pick what you want off the shelf rather than take a bag somebody packed. Kosher food is stocked, and it is open to anyone, whatever your religion.","Anyone; the JCC states services are given without regard to religion, race, or immigration status","Yes","Free","Phone; In-person","Staten Island","718-475-5242","https://www.sijcc.org/foodpantry.html","1466 Manor Road, Staten Island","By appointment, Mon-Fri","English; Russian","No","food; pantry; kosher; staten-island; all-populations","2026-08-25","718-475-5242 is the pantry manager, printed on their pantry page; 718-475-5100 is the JCC switchboard. They ask you to book so it is one-to-one and private."
"The River Fund New York","Food & Nutrition","Pantries and groceries","One of the biggest pantries in Queens. Wednesdays are for older people and people with disabilities; Saturdays are for everyone. They also help you sign up for food stamps while you are there.","Anyone","Yes","Free","Phone; In-person; Walk-in","Queens","718-441-1125","https://www.river.fund/","89-11 Lefferts Boulevard, Richmond Hill, Queens","Wed and Sat; check their page for times","English; Spanish; Bengali; Punjabi","No","food; pantry; snap; queens; seniors; disability; all-populations","2026-08-25","Their old address riverfundny.org is a parked domain now; river.fund is the live site."
"Commonpoint","Multi-Service / Navigation","One place that does many things","Queens' largest neighborhood organization: job training and placement, help for older adults, counseling, child care and after-school, across about eighty sites in the borough.","Anyone in Queens","Yes","Free or low-cost depending on the program","Phone; In-person","Queens","718-225-6750","https://www.commonpoint.org/","58-20 Little Neck Parkway, Little Neck, Queens; about eighty sites borough-wide","Mon-Fri","English; Spanish; Russian; Hebrew; Mandarin","Yes","start-here; jobs; seniors; mental-health; youth; childcare; queens; all-populations; also:work; also:senior; also:family","2026-08-25","Formerly Commonpoint Queens, before that Samuel Field Y and Central Queens Y."
"Urban Upbound","Employment & Workforce","Job training and placement","Help getting a job, free tax filing, and a credit union that will open an account for you if a bank has turned you down. Built around the public housing developments in Queens.","Anyone; built for public housing residents","Yes","Free","Phone; In-person","Queens; Citywide (all 5 boroughs)","718-784-0877","https://www.urbanupbound.org/","12-15 40th Avenue, Long Island City, Queens","Mon-Fri","English; Spanish","Yes","jobs; money; taxes; banking; queens; public-housing; all-populations; also:money","2026-08-25","Runs its own federally chartered credit union for people banks will not take."
"CaringKind — dementia helpline","Senior Services","Caring for someone","A number to call when someone you love is losing their memory. Somebody trained in dementia picks up, at any hour, and will talk through what is happening and what to do next. They also run over eighty free support groups.","Anyone caring for or living with dementia in New York City","Yes","Free","Phone; In-person; Online","Citywide (all 5 boroughs)","646-744-2900","https://wearecaringkind.org/","360 Lexington Avenue, 3rd Floor, Manhattan","Helpline answered 24 hours","English; Spanish; Mandarin; Cantonese; Korean","Yes","seniors; dementia; alzheimers; caregiver; memory; mental-health; all-populations","2026-08-25","Was the Alzheimer's Association's New York City chapter; independent since 2015. Site moved from caringkindnyc.org to wearecaringkind.org."
"Free period products (schools and shelters)","Clothing & Supplies","Everyday things you run out of","Pads and tampons are free by law in every City school building from grade 4 up, in every City shelter, and in City jails. They are meant to be in the bathroom, not behind a desk. If they are not there, call 311 and say so.","Students in NYC public schools; anyone living in a City shelter; anyone in a City jail","Yes","Free","In-person; Phone","Citywide (all 5 boroughs)","311","https://www.schools.nyc.gov/school-life/health-and-wellness/menstrual-products-for-students","Every NYC public school building, City shelter and City jail","Whenever the building is open","All (311 has interpreters)","No","period; menstrual; supplies; schools; shelter; youth; all-populations","2026-08-25","Local Laws 82, 83 and 84 of 2016; the school requirement now runs from grade 4. Food pantries often carry them too — ask."
"Advocates for Children — education helpline","Youth & Family","School problems","A free line for anything going wrong at school: a suspension, special education that is not happening, a child in a shelter being kept out, a language barrier nobody is bridging. They know what the school has to do and will tell you.","Any parent, student or caregiver in New York City","Yes","Free","Phone; Online","Citywide (all 5 boroughs)","866-427-6033","https://www.advocatesforchildren.org/get-help/","151 West 30th Street, 5th Floor, Manhattan","Mon-Thu 10am-4pm","English; Spanish; Arabic; Bengali; Chinese; French; Haitian Creole; Korean; Russian; Urdu","Yes","school; education; suspension; special-education; disability; youth; shelter; immigration; all-populations; my child was suspended; suspended from school; expelled; also:disability","2026-08-25","Covers students with disabilities, students in temporary housing, discipline, early childhood, foster care, English language learners and charter schools."
"ICNA Relief NY food pantries","Food & Nutrition","Pantries and groceries","Six pantries where you pick what you want off the shelf, stocked with halal meat and the food people in these neighborhoods actually cook. Run by a Muslim charity and open to anyone, whatever your religion.","Anyone; their pages state they serve people regardless of race or religion","Yes","Free","Phone; In-person","Queens; Brooklyn; Bronx","866-354-0102","https://www.icnarelief.org/ny2/food-pantry/","Flushing, Jamaica, Bronx, Brighton Beach and Midwood; see their page for the day each one opens","One afternoon or morning a week at each site","English; Urdu; Bengali; Arabic","No","food; pantry; halal; muslim; queens; brooklyn; bronx; all-populations","2026-08-25","Each site opens one day a week: Flushing Wed, Jamaica Thu, Bronx Sat, Brighton Beach Mon, Midwood Tue. Ask for extension 1116 or 1113 to reach somebody who can help with more than food."
"NICE — New Immigrant Community Empowerment","Employment & Workforce","If you were not paid","A walk-in center in Jackson Heights for people who look for work on the street or get paid in cash. Help when a boss does not pay, safety training for construction, English classes, and somewhere to stand that is not the corner.","Any immigrant worker; no papers needed","Yes","Free","In-person; Walk-in","Queens; Citywide (all 5 boroughs)","","https://www.nynice.org/community-connect","7121 Roosevelt Avenue, Jackson Heights, Queens","Mon-Wed 9am-12pm and 2pm-4pm; Thu 2pm-6pm; first come, first served","Spanish; English","No","jobs; day-laborer; wage-theft; construction; immigration; esol; queens; undocumented; also:legal","2026-08-25","They print no phone number anywhere on their own site, so none is printed here. It is a walk-in center; the hours above are from their own page."
